frame,0_x,0_y,0_z,0_v,11_x,11_y,11_z,11_v,12_x,12_y,12_z,12_v,13_x,13_y,13_z,13_v,14_x,14_y,14_z,14_v,15_x,15_y,15_z,15_v,16_x,16_y,16_z,16_v,17_x,17_y,17_z,17_v,18_x,18_y,18_z,18_v,23_x,23_y,23_z,23_v,24_x,24_y,24_z,24_v,25_x,25_y,25_z,25_v,26_x,26_y,26_z,26_v,27_x,27_y,27_z,27_v,28_x,28_y,28_z,28_v,29_x,29_y,29_z,29_v,30_x,30_y,30_z,30_v,31_x,31_y,31_z,31_v,32_x,32_y,32_z,32_v
0,0.4934101104736328,0.45358067750930786,-0.11077535897493362,0.9996325969696045,0.45003557205200195,0.4985470771789551,0.12196420133113861,0.9995111227035522,0.4453325867652893,0.49343934655189514,-0.2839173674583435,0.999970555305481,0.466585636138916,0.5624730587005615,0.19702857732772827,0.15824131667613983,0.46100661158561707,0.5651766657829285,-0.33401060104370117,0.9931257963180542,0.5228124856948853,0.5948168635368347,0.14039449393749237,0.4034322202205658,0.511679470539093,0.6151809692382812,-0.32845938205718994,0.9897633790969849,0.5413678288459778,0.5970860719680786,0.14040130376815796,0.39202597737312317,0.5215585827827454,0.632155179977417,-0.37033334374427795,0.9819964170455933,0.43753671646118164,0.6360927224159241,0.11804454773664474,0.9980491399765015,0.42318010330200195,0.6349294185638428,-0.11822204291820526,0.9983251690864563,0.45005887746810913,0.7314453125,0.17682890594005585,0.7277114391326904,0.42069211602211,0.7332316637039185,-0.09972231090068817,0.9888035655021667,0.45942550897598267,0.8275749087333679,0.3006969392299652,0.9268855452537537,0.36671507358551025,0.8253977298736572,0.0062280138954520226,0.9937605261802673,0.44945451617240906,0.8461833596229553,0.3074539005756378,0.9073611497879028,0.34898677468299866,0.8354959487915039,0.011003904975950718,0.9681254029273987,0.5070493221282959,0.8511133790016174,0.23785628378391266,0.9525415897369385,0.390102356672287,0.8663739562034607,-0.09255504608154297,0.9910287857055664
1,0.4826604425907135,0.45311957597732544,-0.12344320118427277,0.9996657371520996,0.46059876680374146,0.5030446648597717,0.13782981038093567,0.9995455741882324,0.4296920597553253,0.4926315248012543,-0.22475853562355042,0.9999693632125854,0.4935240149497986,0.5610516667366028,0.21140506863594055,0.2040717452764511,0.4461611211299896,0.5593770742416382,-0.329820841550827,0.9932286739349365,0.5624599456787109,0.584065854549408,0.14019383490085602,0.4556615948677063,0.5050989985466003,0.5988336205482483,-0.3836866617202759,0.9899061322212219,0.581688642501831,0.5870540738105774,0.1338929384946823,0.4424082040786743,0.5153142213821411,0.6096233129501343,-0.4298333525657654,0.98206627368927,0.44310706853866577,0.636515736579895,0.10893294960260391,0.9981430172920227,0.41977179050445557,0.6357788443565369,-0.10902070999145508,0.998381495475769,0.4504551887512207,0.7317208051681519,0.14176391065120697,0.7416579127311707,0.40337279438972473,0.733463704586029,-0.10171549022197723,0.9895005226135254,0.4592704176902771,0.8284640908241272,0.23651446402072906,0.9300285577774048,0.3594438433647156,0.8213984966278076,-0.0119031285867095,0.994045078754425,0.4487209916114807,0.8474810123443604,0.23908020555973053,0.9099698066711426,0.34690943360328674,0.8319389224052429,-0.009715009480714798,0.9681078195571899,0.5075914263725281,0.8520987629890442,0.15812577307224274,0.9542920589447021,0.37451285123825073,0.8629077672958374,-0.12331607937812805,0.9913767576217651
2,0.47562217712402344,0.45163920521736145,-0.09593689441680908,0.9996954202651978,0.46383973956108093,0.5040509700775146,0.14865244925022125,0.9995729923248291,0.4183099567890167,0.49109187722206116,-0.20571960508823395,0.9999678730964661,0.500615119934082,0.5589594841003418,0.21529936790466309,0.25643959641456604,0.43164438009262085,0.552422821521759,-0.3260611593723297,0.9932692646980286,0.5739626884460449,0.5758428573608398,0.13574008643627167,0.5045045614242554,0.49730184674263,0.5829650163650513,-0.38894447684288025,0.9900006651878357,0.5936197638511658,0.5767349004745483,0.1235242486000061,0.4897634983062744,0.5070566534996033,0.5921496748924255,-0.4331305921077728,0.982117772102356,0.44551193714141846,0.6370408535003662,0.10407144576311111,0.99821537733078,0.41581618785858154,0.636715292930603,-0.10413377732038498,0.9984391331672668,0.45069754123687744,0.731908917427063,0.1292622834444046,0.7580548524856567,0.3925038278102875,0.7334396243095398,-0.10562757402658463,0.9901746511459351,0.4592691957950592,0.8288196921348572,0.2178887128829956,0.934093177318573,0.3554936945438385,0.8212295770645142,-0.030142635107040405,0.9943736791610718,0.44850653409957886,0.8477154970169067,0.21975857019424438,0.9141212701797485,0.34502148628234863,0.8319013714790344,-0.029880227521061897,0.9680070877075195,0.508245050907135,0.852541446685791,0.13583822548389435,0.9567722678184509,0.3686300814151764,0.8619680404663086,-0.14652234315872192,0.9917489886283875
3,0.46898436546325684,0.4516797661781311,-0.09275375306606293,0.9997224807739258,0.46372732520103455,0.5048506259918213,0.14749716222286224,0.99959397315979,0.4090479910373688,0.4909951090812683,-0.19242796301841736,0.999962568283081,0.5054437518119812,0.5572233200073242,0.20896552503108978,0.30803611874580383,0.42262589931488037,0.5478581190109253,-0.3353383541107178,0.9931079745292664,0.5749325156211853,0.5696746110916138,0.11870887875556946,0.5485368967056274,0.49065589904785156,0.5720378160476685,-0.42162764072418213,0.9896564483642578,0.5986080765724182,0.568484365940094,0.10518296808004379,0.5322555303573608,0.503643810749054,0.5782400965690613,-0.46519866585731506,0.981372058391571,0.4459443688392639,0.6388759016990662,0.09823514521121979,0.998288094997406,0.4100309908390045,0.637602686882019,-0.09827271848917007,0.9984897971153259,0.45084288716316223,0.7329850196838379,0.1131925955414772,0.7754544019699097,0.38432860374450684,0.7335577011108398,-0.10542608052492142,0.9908283948898315,0.4592636823654175,0.8291188478469849,0.1971125304698944,0.9382481575012207,0.35462480783462524,0.8214101195335388,-0.03051375038921833,0.9946780204772949,0.4482885003089905,0.8480136394500732,0.19825339317321777,0.9181137681007385,0.34520405530929565,0.8325536251068115,-0.030869904905557632,0.9673594832420349,0.5091689825057983,0.8527217507362366,0.11030696332454681,0.9591357707977295,0.36547258496284485,0.8616587519645691,-0.1506384164094925,0.9920527338981628
4,0.4608728587627411,0.4510143995285034,-0.061457280069589615,0.9997487664222717,0.463900089263916,0.5044822692871094,0.1804235726594925,0.9996213316917419,0.40133756399154663,0.48935067653656006,-0.11835676431655884,0.9999634623527527,0.5047768950462341,0.5532354116439819,0.18971239030361176,0.35327795147895813,0.40816792845726013,0.542600691318512,-0.2944895625114441,0.9933077692985535,0.5732095837593079,0.5579838752746582,0.06176299229264259,0.5878956913948059,0.4788905382156372,0.5591542720794678,-0.39401715993881226,0.989894449710846,0.5969436168670654,0.5588997602462769,0.037859637290239334,0.5716078281402588,0.49386125802993774,0.5656689405441284,-0.43594953417778015,0.9816839098930359,0.44572144746780396,0.640213668346405,0.0926479697227478,0.998421847820282,0.4043751060962677,0.6385893821716309,-0.0926593542098999,0.9986045956611633,0.4509381055831909,0.735099196434021,0.0770484209060669,0.7936710119247437,0.37985512614250183,0.7338554263114929,-0.108585886657238,0.9914973974227905,0.4592912495136261,0.8299143314361572,0.1551506668329239,0.9427185654640198,0.3530680239200592,0.8240217566490173,-0.028783131390810013,0.9948944449424744,0.4482800364494324,0.8487352132797241,0.1553722769021988,0.9223964810371399,0.3450419008731842,0.8353490233421326,-0.028011251240968704,0.9649854302406311,0.5096021294593811,0.8531360030174255,0.06244804337620735,0.9614766836166382,0.3646465539932251,0.8618720173835754,-0.1497199982404709,0.9921724200248718
5,0.44408753514289856,0.4483180642127991,-0.10027448832988739,0.9997735023498535,0.4626680016517639,0.501897394657135,0.16245251893997192,0.9996508955955505,0.38801389932632446,0.4877694547176361,-0.09541342407464981,0.999965488910675,0.5075545907020569,0.5386009812355042,0.15357644855976105,0.41043418645858765,0.37746062874794006,0.5299407243728638,-0.29801344871520996,0.993658185005188,0.5729812979698181,0.5338496565818787,0.034010495990514755,0.626687228679657,0.4411817193031311,0.5373390316963196,-0.4638519287109375,0.990346372127533,0.5977634787559509,0.5324265360832214,0.012666325084865093,0.6100460886955261,0.4587862491607666,0.5394456386566162,-0.5099093914031982,0.9821244478225708,0.442349374294281,0.6400505304336548,0.08530998975038528,0.9985532760620117,0.39551523327827454,0.6384995579719543,-0.08531301468610764,0.9987212419509888,0.45085716247558594,0.7368878722190857,0.07231572270393372,0.8099088668823242,0.3710143566131592,0.7342792749404907,-0.10590879619121552,0.9920780062675476,0.458941787481308,0.8304961323738098,0.14589183032512665,0.9465891718864441,0.3514193296432495,0.8260492086410522,-0.024522434920072556,0.9949585199356079,0.44760748744010925,0.8496350646018982,0.14508678019046783,0.9260014295578003,0.3449518382549286,0.837628960609436,-0.02200094424188137,0.9611081480979919,0.5100311636924744,0.8531863689422607,0.04491758346557617,0.9634239673614502,0.36456865072250366,0.861928403377533,-0.1427588164806366,0.9919957518577576
6,0.43386587500572205,0.44749802350997925,-0.13425898551940918,0.9997960329055786,0.45941704511642456,0.499912291765213,0.13476742804050446,0.9996817111968994,0.3781471848487854,0.48703503608703613,-0.0971883162856102,0.9999675154685974,0.5080927610397339,0.5308997631072998,0.0911501869559288,0.4668318033218384,0.36193642020225525,0.5254091620445251,-0.3056477904319763,0.9940711855888367,0.5720760226249695,0.5191901922225952,-0.058966055512428284,0.6634749174118042,0.4158359467983246,0.5254307389259338,-0.5041714310646057,0.9909690618515015,0.5992611050605774,0.5176782011985779,-0.08467703312635422,0.6478363871574402,0.4335298240184784,0.5259886980056763,-0.5506592988967896,0.982972264289856,0.4380171000957489,0.6399829387664795,0.07940448820590973,0.9986781477928162,0.38979843258857727,0.6385746002197266,-0.07945539057254791,0.9988296031951904,0.449993371963501,0.7369791865348816,0.08071670681238174,0.8245744109153748,0.36592897772789,0.7343003153800964,-0.0936327651143074,0.9925811290740967,0.4585655927658081,0.8308021426200867,0.15057118237018585,0.9499912858009338,0.3504955470561981,0.8264303207397461,-0.01813352480530739,0.9949092268943787,0.4472012519836426,0.8499932885169983,0.1493789255619049,0.929357647895813,0.34502679109573364,0.8379043340682983,-0.01776965521275997,0.9567691087722778,0.5103944540023804,0.8531723618507385,0.0506468266248703,0.9651846885681152,0.36356550455093384,0.8620694279670715,-0.13665148615837097,0.9916548728942871
7,0.4254222810268402,0.4475831389427185,-0.1760258972644806,0.9998162984848022,0.45725464820861816,0.49948424100875854,0.09015312790870667,0.9997099041938782,0.3667944371700287,0.4872815012931824,-0.10848024487495422,0.9999680519104004,0.5104957222938538,0.5252992510795593,-0.041726235300302505,0.5189158916473389,0.3500032424926758,0.5260542631149292,-0.3540385961532593,0.9944839477539062,0.5708520412445068,0.5051645636558533,-0.28280675411224365,0.69681715965271,0.3980503976345062,0.5101832151412964,-0.5773882269859314,0.9915136694908142,0.5959346890449524,0.502031147480011,-0.32539427280426025,0.6823212504386902,0.4153757691383362,0.5075861811637878,-0.6287974119186401,0.9836214780807495,0.4322746992111206,0.6398747563362122,0.07101726531982422,0.998796820640564,0.3817281723022461,0.6386181116104126,-0.07106442004442215,0.9989284873008728,0.44827836751937866,0.7367867231369019,0.0710882917046547,0.8375845551490784,0.3605242669582367,0.7345265746116638,-0.0770401731133461,0.9930016994476318,0.4583209455013275,0.831034779548645,0.14334885776042938,0.9530231952667236,0.3493535816669464,0.8269307613372803,0.007935479283332825,0.9947432279586792,0.4470287263393402,0.8501472473144531,0.14230802655220032,0.9322819113731384,0.3451562821865082,0.8385190367698669,0.008425642736256123,0.9506978392601013,0.5103691816329956,0.853168249130249,0.035439617931842804,0.966732382774353,0.3609984815120697,0.8621715307235718,-0.12727120518684387,0.9911146759986877
8,0.40976378321647644,0.4471825063228607,-0.2218572199344635,0.9998341798782349,0.4520021975040436,0.4975350797176361,0.060695674270391464,0.9997209310531616,0.35708364844322205,0.49197250604629517,-0.09311529248952866,0.9999628663063049,0.5154281258583069,0.5113150477409363,-0.014567170292139053,0.5652580261230469,0.31329503655433655,0.5269135236740112,-0.30155688524246216,0.994758665561676,0.5676414370536804,0.4798605144023895,-0.18484638631343842,0.7254919409751892,0.34881651401519775,0.48534512519836426,-0.5069699883460999,0.9915908575057983,0.5942139029502869,0.4708142876625061,-0.21448414027690887,0.7085866332054138,0.35764530301094055,0.47596320509910583,-0.553339421749115,0.9822613000869751,0.42649367451667786,0.6396984457969666,0.058138925582170486,0.9988903403282166,0.3712324798107147,0.638559877872467,-0.05816777050495148,0.999015748500824,0.4465727210044861,0.7366371154785156,0.062111541628837585,0.8508619070053101,0.3542528748512268,0.7346131205558777,-0.0525784008204937,0.9933860898017883,0.4583149552345276,0.8310068845748901,0.1547149270772934,0.9566424489021301,0.3490964472293854,0.8271538615226746,0.06273901462554932,0.9948431849479675,0.4470316469669342,0.8502768874168396,0.15528352558612823,0.9361576437950134,0.34630265831947327,0.8384395837783813,0.06588535010814667,0.9474769234657288,0.5102129578590393,0.853163480758667,0.03254670649766922,0.9686774015426636,0.35782045125961304,0.8622344732284546,-0.07886891812086105,0.991069495677948
9,0.39768409729003906,0.44684720039367676,-0.25448399782180786,0.999850332736969,0.4471870958805084,0.4936126172542572,0.017838098108768463,0.9997300505638123,0.3437947630882263,0.49362531304359436,-0.09665922075510025,0.9999608397483826,0.514245867729187,0.49736034870147705,-0.1022266149520874,0.6078460216522217,0.30032533407211304,0.5213531255722046,-0.2866053879261017,0.9950882792472839,0.558463454246521,0.4557473361492157,-0.3135819435119629,0.7518436312675476,0.3329739570617676,0.4778394401073456,-0.5052415132522583,0.9918839335441589,0.5749632716178894,0.44293320178985596,-0.3545202314853668,0.7337133884429932,0.3337990343570709,0.4660601317882538,-0.5529943108558655,0.9818153381347656,0.4246256351470947,0.6385029554367065,0.046795863658189774,0.9989768266677856,0.3672894537448883,0.638522744178772,-0.046822044998407364,0.9990995526313782,0.44648924469947815,0.7359564900398254,0.0608750618994236,0.8641496300697327,0.35148265957832336,0.7350791096687317,-0.042764004319906235,0.9938386678695679,0.4588163197040558,0.8299592733383179,0.16920439898967743,0.960122287273407,0.3495492935180664,0.8283643126487732,0.07519081234931946,0.9950418472290039,0.4477268159389496,0.8492888808250427,0.17106762528419495,0.9400611519813538,0.34695619344711304,0.8404627442359924,0.07812484353780746,0.9464582204818726,0.5087603330612183,0.8534738421440125,0.04708562418818474,0.9707008600234985,0.35895678400993347,0.862231433391571,-0.06761129200458527,0.9912318587303162
10,0.3940680921077728,0.4467919170856476,-0.27066585421562195,0.9998649954795837,0.44358351826667786,0.4920800030231476,0.0059878043830394745,0.9997417330741882,0.3441140353679657,0.4939812123775482,-0.09394024312496185,0.9999606609344482,0.5124905109405518,0.49804896116256714,-0.08649846911430359,0.646458625793457,0.2941468358039856,0.5225675106048584,-0.26003265380859375,0.9954112768173218,0.5523645281791687,0.4561283588409424,-0.2769550383090973,0.7758865356445312,0.3259067237377167,0.47939059138298035,-0.4832424819469452,0.9922528266906738,0.5689156651496887,0.4416823089122772,-0.31594958901405334,0.7571617960929871,0.3317416310310364,0.46631333231925964,-0.5309557318687439,0.9817197918891907,0.4233224391937256,0.6375914812088013,0.04357504844665527,0.9990538358688354,0.3652309775352478,0.6385049819946289,-0.04362296313047409,0.9991746544837952,0.44626152515411377,0.734995424747467,0.06759630888700485,0.8761724829673767,0.35107797384262085,0.7353114485740662,-0.027718348428606987,0.994244396686554,0.4590975344181061,0.8290453553199768,0.17683634161949158,0.9633577466011047,0.34963271021842957,0.8285267949104309,0.103643499314785,0.9952426552772522,0.4478517770767212,0.8483765721321106,0.1781131625175476,0.9437608122825623,0.34701260924339294,0.8406810164451599,0.1084180474281311,0.9459490180015564,0.5079364776611328,0.8537651300430298,0.05905858054757118,0.9726844429969788,0.35909876227378845,0.8620651960372925,-0.033720821142196655,0.9914607405662537
11,0.38614434003829956,0.44568711519241333,-0.3020774722099304,0.9998783469200134,0.4366675615310669,0.48723509907722473,-0.03353439271450043,0.9997463226318359,0.3331044018268585,0.4944540560245514,-0.11194650828838348,0.999962329864502,0.5118951201438904,0.48720842599868774,-0.1698523759841919,0.6812877058982849,0.27565887570381165,0.517821729183197,-0.27013716101646423,0.995827317237854,0.5375138521194458,0.4378972351551056,-0.3942785859107971,0.7975766062736511,0.3096544146537781,0.470085471868515,-0.5356516242027283,0.9928973913192749,0.5520886778831482,0.42162665724754333,-0.44205141067504883,0.778520941734314,0.31977906823158264,0.4558773338794708,-0.5881386399269104,0.982830286026001,0.42164328694343567,0.6362096667289734,0.034711915999650955,0.9991312623023987,0.362301766872406,0.6383113265037537,-0.03478344902396202,0.9992475509643555,0.44631102681159973,0.732535719871521,0.04997341334819794,0.8876534700393677,0.34985509514808655,0.7353166341781616,-0.015805937349796295,0.9946513772010803,0.4614125192165375,0.8274074792861938,0.17292118072509766,0.9664541482925415,0.3496234118938446,0.828505277633667,0.13490109145641327,0.995451033115387,0.45025986433029175,0.8450857996940613,0.17546387016773224,0.9474486708641052,0.347012460231781,0.8407493829727173,0.1410776525735855,0.946246325969696,0.5075682401657104,0.8537513613700867,0.03999181091785431,0.9746610522270203,0.35961371660232544,0.861729621887207,-0.005883487872779369,0.9917446374893188
12,0.3834289014339447,0.4452976584434509,-0.3150433897972107,0.9998903870582581,0.43581312894821167,0.48630490899086,-0.044529180973768234,0.9997567534446716,0.33250659704208374,0.49492111802101135,-0.11589513719081879,0.9999642372131348,0.5112178325653076,0.4863761067390442,-0.16199728846549988,0.7127931118011475,0.27198103070259094,0.5187398195266724,-0.2808428406715393,0.996200680732727,0.5334830284118652,0.4357483685016632,-0.3752865493297577,0.8173415064811707,0.3048669993877411,0.470866858959198,-0.5153822898864746,0.993489682674408,0.5479235649108887,0.4192430377006531,-0.4211975038051605,0.7985013723373413,0.3163454830646515,0.45613962411880493,-0.5666478276252747,0.9838748574256897,0.421772837638855,0.6360353827476501,0.029307685792446136,0.9992035031318665,0.36168694496154785,0.6383839249610901,-0.029390741139650345,0.99931401014328,0.44671571254730225,0.7323259711265564,0.060095109045505524,0.898151159286499,0.34882792830467224,0.7364206910133362,0.000756903609726578,0.9950271248817444,0.462349534034729,0.8263031840324402,0.18914379179477692,0.969342827796936,0.34926801919937134,0.8284613490104675,0.16415522992610931,0.9956405162811279,0.45101746916770935,0.8432928323745728,0.1942201852798462,0.9508429765701294,0.347019225358963,0.8406880497932434,0.17241032421588898,0.9459897875785828,0.5073398947715759,0.8537547588348389,0.057637520134449005,0.9765656590461731,0.3591177463531494,0.8617610335350037,0.03048049472272396,0.9920268654823303
13,0.37254875898361206,0.4452262818813324,-0.28453224897384644,0.9999009370803833,0.42909929156303406,0.4836379587650299,-0.03248201310634613,0.9997394680976868,0.3258448541164398,0.49517402052879333,-0.08395422250032425,0.9999619126319885,0.5018812417984009,0.473297655582428,-0.13443149626255035,0.740791916847229,0.2636752724647522,0.5168017148971558,-0.23602883517742157,0.9965023994445801,0.5200090408325195,0.4208154082298279,-0.31901121139526367,0.8344147205352783,0.29217439889907837,0.4593071937561035,-0.45870277285575867,0.9938700199127197,0.530400276184082,0.40145164728164673,-0.36089152097702026,0.8138957619667053,0.29760435223579407,0.44537535309791565,-0.5105811357498169,0.9839969277381897,0.4193907082080841,0.6357197165489197,0.022312164306640625,0.999261736869812,0.3595387935638428,0.6383732557296753,-0.022387783974409103,0.9993690848350525,0.44730255007743835,0.7319653034210205,0.04176170751452446,0.9076243042945862,0.3477887511253357,0.7364946007728577,0.004313038662075996,0.9953410625457764,0.46437394618988037,0.8238348960876465,0.1891443282365799,0.9718772172927856,0.34902068972587585,0.8283189535140991,0.17933620512485504,0.9958087801933289,0.45246148109436035,0.839331328868866,0.19463571906089783,0.9533389210700989,0.3470306992530823,0.8399917483329773,0.18898020684719086,0.9459068775177002,0.5071872472763062,0.853749692440033,0.057924784719944,0.9781453609466553,0.3585854172706604,0.861216127872467,0.047789786010980606,0.9922504425048828
14,0.36372247338294983,0.44545191526412964,-0.2893660068511963,0.9999101758003235,0.4199867844581604,0.4814554452896118,-0.06055638566613197,0.9997392892837524,0.31923654675483704,0.4954744577407837,-0.07649422436952591,0.9999568462371826,0.48914581537246704,0.4630391299724579,-0.1520836353302002,0.766407310962677,0.2550860047340393,0.5179103016853333,-0.20265674591064453,0.996770977973938,0.5028846263885498,0.4044189751148224,-0.3106452226638794,0.8504868745803833,0.2712037265300751,0.45810186862945557,-0.40951794385910034,0.9941849708557129,0.511474609375,0.3842049539089203,-0.3520923852920532,0.8302498459815979,0.2717111110687256,0.4446905851364136,-0.4597010612487793,0.9839569926261902,0.4174121916294098,0.6344544887542725,0.009971288964152336,0.9993026852607727,0.35757070779800415,0.638319194316864,-0.010031983256340027,0.9994096755981445,0.4487099349498749,0.7313473224639893,0.02351139485836029,0.9163374900817871,0.34714168310165405,0.7371371984481812,-0.0033361543901264668,0.9955947399139404,0.46759679913520813,0.8212500810623169,0.18937990069389343,0.974126935005188,0.34912294149398804,0.8289048075675964,0.16560408473014832,0.9959351420402527,0.45538926124572754,0.8361665606498718,0.1967066377401352,0.9541006684303284,0.34730464220046997,0.8400501608848572,0.17490263283252716,0.9452290534973145,0.5071951150894165,0.8537772297859192,0.06066110357642174,0.9794600009918213,0.35894152522087097,0.86143559217453,0.03481227904558182,0.9923807978630066
15,0.3618929088115692,0.44547465443611145,-0.2817858159542084,0.9999179840087891,0.41741690039634705,0.4796021282672882,-0.03385452553629875,0.9997284412384033,0.31746745109558105,0.49547579884529114,-0.07559341192245483,0.9999531507492065,0.48528754711151123,0.4605672061443329,-0.09611134976148605,0.7893096804618835,0.25617557764053345,0.5181727409362793,-0.21692787110805511,0.9969936013221741,0.5014861822128296,0.40171292424201965,-0.21826854348182678,0.8648093342781067,0.26922282576560974,0.4587225914001465,-0.4337507486343384,0.9944929480552673,0.5107688307762146,0.3821319043636322,-0.24943041801452637,0.8444179892539978,0.2690519690513611,0.44467437267303467,-0.4837897717952728,0.9841373562812805,0.4163719713687897,0.6329027414321899,0.01511955726891756,0.9993404746055603,0.35672542452812195,0.6379585862159729,-0.015181162394583225,0.999448299407959,0.4495508670806885,0.7300571799278259,0.03441643714904785,0.9241853356361389,0.3474687337875366,0.73613440990448,-0.007870331406593323,0.995825469493866,0.4694429039955139,0.820888876914978,0.18266868591308594,0.9762629866600037,0.3487839102745056,0.8288595676422119,0.15409718453884125,0.9960861206054688,0.4576871395111084,0.8358684778213501,0.18886928260326385,0.9558937549591064,0.3473159074783325,0.8399983644485474,0.16252939403057098,0.9457393288612366,0.5078940987586975,0.853798508644104,0.04747200757265091,0.9807787537574768,0.3586235046386719,0.8609422445297241,0.022051753476262093,0.9925951957702637
16,0.3542705774307251,0.4455212950706482,-0.3007720112800598,0.99992436170578,0.41247469186782837,0.4763108491897583,-0.0653788223862648,0.9997179508209229,0.31282469630241394,0.4967082142829895,-0.0786607638001442,0.9999447464942932,0.4783192276954651,0.4503951966762543,-0.12022991478443146,0.8100752234458923,0.2487095147371292,0.5182908177375793,-0.18842439353466034,0.9972037076950073,0.48971620202064514,0.38831567764282227,-0.23952136933803558,0.8777992129325867,0.2560195028781891,0.46322011947631836,-0.3911445736885071,0.9947109818458557,0.49630698561668396,0.36868739128112793,-0.2750951051712036,0.8574749231338501,0.253339022397995,0.4490779936313629,-0.4410707950592041,0.9839065074920654,0.416420578956604,0.6314204335212708,0.009236851707100868,0.9993686676025391,0.3564583659172058,0.6368494629859924,-0.009276073426008224,0.9994755387306213,0.4506482779979706,0.7291586995124817,0.030848974362015724,0.9311980605125427,0.3480995297431946,0.7348693013191223,-0.004319268278777599,0.9960128664970398,0.4717828929424286,0.8193576335906982,0.18987886607646942,0.9780250191688538,0.3485548794269562,0.82881098985672,0.16709473729133606,0.9961371421813965,0.46099764108657837,0.8340646624565125,0.19835485517978668,0.9562290906906128,0.347412645816803,0.8399810791015625,0.1768573820590973,0.944503664970398,0.5082663893699646,0.8535338640213013,0.05339992791414261,0.981711208820343,0.3576260805130005,0.8608615398406982,0.03538482263684273,0.9926072359085083
17,0.3464215397834778,0.44589564204216003,-0.2945842444896698,0.9999265074729919,0.4079442620277405,0.4739731252193451,-0.0734754428267479,0.9996795654296875,0.30970680713653564,0.4984748065471649,-0.06210404261946678,0.9999203085899353,0.4704037606716156,0.440463125705719,-0.13213126361370087,0.8287952542304993,0.24616307020187378,0.5236096978187561,-0.14607630670070648,0.9973790049552917,0.4724583625793457,0.3762356638908386,-0.2391389012336731,0.8894039392471313,0.24911712110042572,0.4630981981754303,-0.32109037041664124,0.9948573112487793,0.4769347608089447,0.35715451836586,-0.27359381318092346,0.8687244057655334,0.24561642110347748,0.44820693135261536,-0.3675789535045624,0.9833165407180786,0.41639047861099243,0.630094587802887,0.001334287691861391,0.9993818998336792,0.3566319942474365,0.6364190578460693,-0.001389784854836762,0.9994854927062988,0.45113882422447205,0.7278735637664795,0.022921491414308548,0.9375398755073547,0.3484925627708435,0.7347938418388367,0.008905688300728798,0.9961435198783875,0.47502145171165466,0.8174445033073425,0.19621941447257996,0.9795076251029968,0.34802907705307007,0.8281914591789246,0.19051972031593323,0.9961398839950562,0.4651743471622467,0.8318344950675964,0.20669245719909668,0.9551125168800354,0.34742167592048645,0.8395776748657227,0.20195642113685608,0.9432003498077393,0.5086256861686707,0.8530369400978088,0.061161186546087265,0.9823404550552368,0.3569236099720001,0.8604399561882019,0.0644070953130722,0.9925064444541931
18,0.347495973110199,0.44595465064048767,-0.2910752296447754,0.9999268054962158,0.4075939655303955,0.472657173871994,-0.07146985828876495,0.9996402263641357,0.3103984296321869,0.49849647283554077,-0.061270277947187424,0.9998869895935059,0.46912360191345215,0.43920081853866577,-0.1316535919904709,0.8456053137779236,0.24634909629821777,0.5254553556442261,-0.14855556190013885,0.9974812865257263,0.47094884514808655,0.3761824667453766,-0.24298501014709473,0.8997994661331177,0.24857762455940247,0.46384599804878235,-0.32483789324760437,0.9946771860122681,0.4764116108417511,0.35708799958229065,-0.2780942916870117,0.8787575960159302,0.24541527032852173,0.4487074017524719,-0.3708520233631134,0.9813905358314514,0.415700763463974,0.6296398639678955,0.0017648342764005065,0.9993872046470642,0.35650497674942017,0.6362690329551697,-0.0017966091400012374,0.9994871020317078,0.45125558972358704,0.726859450340271,0.02292133867740631,0.9430608749389648,0.34844568371772766,0.7348012328147888,0.008245717734098434,0.996183454990387,0.47584837675094604,0.816601037979126,0.1956053227186203,0.9806923270225525,0.3473184406757355,0.8277680277824402,0.18397073447704315,0.9959853291511536,0.46715307235717773,0.8302106857299805,0.20508071780204773,0.9530472159385681,0.3473303020000458,0.8393149375915527,0.19457636773586273,0.939975380897522,0.5086054801940918,0.852566123008728,0.06193200871348381,0.982617199420929,0.3569094240665436,0.860404908657074,0.05592486262321472,0.9921121597290039
19,0.34166082739830017,0.4459792673587799,-0.30089113116264343,0.999926745891571,0.4037114977836609,0.47243186831474304,-0.08882003277540207,0.999608039855957,0.3095361590385437,0.5009492635726929,-0.07004490494728088,0.9998392462730408,0.462867796421051,0.43519333004951477,-0.16738282144069672,0.8607097864151001,0.24644245207309723,0.5331644415855408,-0.17555834352970123,0.9974974393844604,0.45719602704048157,0.3719949424266815,-0.27542510628700256,0.9090073108673096,0.2426072359085083,0.4678480327129364,-0.36901700496673584,0.9944079518318176,0.4580817222595215,0.35224616527557373,-0.31128594279289246,0.8870014548301697,0.2381867915391922,0.45463600754737854,-0.4170777201652527,0.979604184627533,0.4155891537666321,0.628980278968811,0.0018886486068367958,0.9994080066680908,0.35665059089660645,0.6359315514564514,-0.0019819047302007675,0.9994935989379883,0.45197898149490356,0.7267252802848816,0.01281328871846199,0.9481394290924072,0.3488854467868805,0.734771728515625,0.011425957083702087,0.9961885213851929,0.4768266975879669,0.8151981830596924,0.22290410101413727,0.9816902279853821,0.34684833884239197,0.8275308609008789,0.21859592199325562,0.9957724213600159,0.4684763252735138,0.8285953998565674,0.23702721297740936,0.9490746259689331,0.34700438380241394,0.8392058610916138,0.23274368047714233,0.9349028468132019,0.5085916519165039,0.8521870970726013,0.09251047670841217,0.9827619194984436,0.35711386799812317,0.8603559136390686,0.0918678343296051,0.9916688203811646
20,0.3432140648365021,0.4462428092956543,-0.3025205433368683,0.9999260902404785,0.40303876996040344,0.4718950092792511,-0.0774741843342781,0.9995955228805542,0.3097442388534546,0.5016515851020813,-0.07002086192369461,0.9998106956481934,0.4623467028141022,0.43384379148483276,-0.14308051764965057,0.8743388652801514,0.2477245330810547,0.5357276201248169,-0.18551264703273773,0.9974931478500366,0.45564112067222595,0.36947572231292725,-0.27383115887641907,0.9174915552139282,0.2417263686656952,0.4698787331581116,-0.3966413736343384,0.9943174123764038,0.45606470108032227,0.3495047688484192,-0.30465468764305115,0.8953891396522522,0.2377386838197708,0.457412451505661,-0.45003700256347656,0.978800356388092,0.4155711233615875,0.628911018371582,0.0020976539235562086,0.9994301199913025,0.3567395806312561,0.6358963251113892,-0.0021796044893562794,0.9995044469833374,0.45264169573783875,0.726636528968811,0.011171292513608932,0.952854335308075,0.34861820936203003,0.7348940372467041,0.008275480940937996,0.9962099194526672,0.47707557678222656,0.8144693970680237,0.2188889980316162,0.9827325344085693,0.34671929478645325,0.8277168869972229,0.20788055658340454,0.9956738948822021,0.4694936275482178,0.8276922702789307,0.23178423941135406,0.9467465281486511,0.3472989797592163,0.8393022418022156,0.22109092772006989,0.9326930046081543,0.5083528757095337,0.8518237471580505,0.08868821710348129,0.9831141829490662,0.35688692331314087,0.8603670001029968,0.0791642963886261,0.9914422631263733
21,0.3424827754497528,0.4461885094642639,-0.2933742105960846,0.9999265074729919,0.4001796543598175,0.47071248292922974,-0.06496884673833847,0.9995907545089722,0.30884575843811035,0.50425785779953,-0.0690595954656601,0.999769926071167,0.4519113302230835,0.4265243113040924,-0.10316139459609985,0.886570155620575,0.2490193247795105,0.5401638746261597,-0.19085106253623962,0.9974355697631836,0.45584219694137573,0.3608514964580536,-0.18365007638931274,0.9253433346748352,0.24025271832942963,0.47587886452674866,-0.44018179178237915,0.9942716956138611,0.4580339789390564,0.3419463634490967,-0.21271277964115143,0.9040077328681946,0.23386727273464203,0.46352657675743103,-0.4940508306026459,0.9783825874328613,0.4156200587749481,0.6286812424659729,0.0065720295533537865,0.9994603991508484,0.35686662793159485,0.6358609199523926,-0.006654746364802122,0.9995173215866089,0.4532391428947449,0.7264536619186401,0.012952471151947975,0.9569785594940186,0.34875595569610596,0.7352322340011597,0.005940521601587534,0.9960538148880005,0.4781757891178131,0.8134279847145081,0.2296847552061081,0.9834654927253723,0.34649384021759033,0.8277848362922668,0.2013498842716217,0.9954080581665039,0.4710801839828491,0.8259943723678589,0.24371716380119324,0.9439153075218201,0.3471701145172119,0.839634120464325,0.21546928584575653,0.928224503993988,0.5084919333457947,0.8516982197761536,0.09988280385732651,0.9831227660179138,0.3571593165397644,0.8603702187538147,0.07033621519804001,0.9909541606903076
22,0.3389403522014618,0.4467622637748718,-0.26179736852645874,0.9999275803565979,0.3973606824874878,0.47037750482559204,-0.036834076046943665,0.999578595161438,0.308026522397995,0.5057477355003357,-0.04394444078207016,0.9997539520263672,0.444288045167923,0.42580053210258484,-0.06326428800821304,0.8974953889846802,0.24992358684539795,0.5427428483963013,-0.19195151329040527,0.9973913431167603,0.45615121722221375,0.36000072956085205,-0.13409392535686493,0.9324033856391907,0.24082262814044952,0.48257356882095337,-0.45042330026626587,0.9943761229515076,0.46257200837135315,0.3414094150066376,-0.1615617573261261,0.9119290709495544,0.23421896994113922,0.47033563256263733,-0.505771279335022,0.9786462783813477,0.41561445593833923,0.6285700798034668,0.006610100623220205,0.9994854927062988,0.3569805920124054,0.6357883810997009,-0.00669299578294158,0.9995309114456177,0.45416533946990967,0.7263195514678955,0.007481055334210396,0.960783839225769,0.3486489951610565,0.7353492975234985,-0.0026285077910870314,0.995983898639679,0.47890183329582214,0.8129993081092834,0.2281683385372162,0.9842261672019958,0.3465103507041931,0.8279042840003967,0.1882564276456833,0.9952641129493713,0.4720020294189453,0.8254444599151611,0.2364039272069931,0.9418054223060608,0.34749001264572144,0.8401052951812744,0.20044425129890442,0.9262356162071228,0.5084682703018188,0.8516262769699097,0.09260387718677521,0.9832480549812317,0.3571942448616028,0.8603777289390564,0.05815274268388748,0.990685760974884
23,0.3388991355895996,0.44730424880981445,-0.2636406421661377,0.9999297857284546,0.396250456571579,0.46999356150627136,-0.036337725818157196,0.9995649456977844,0.3080804944038391,0.5073720216751099,-0.05456393212080002,0.9997401833534241,0.4408855438232422,0.42310631275177,-0.06450152397155762,0.9072580337524414,0.2504536211490631,0.5447275638580322,-0.22462314367294312,0.9973727464675903,0.4573677182197571,0.3576109707355499,-0.13888825476169586,0.9388079047203064,0.2424158751964569,0.4856339395046234,-0.5071976780891418,0.9945471882820129,0.465505450963974,0.3400256037712097,-0.16490145027637482,0.9193156361579895,0.23563885688781738,0.47259384393692017,-0.564083456993103,0.9792442917823792,0.4158107042312622,0.628559947013855,0.007592182140797377,0.9995090961456299,0.3571515679359436,0.6357805132865906,-0.007694437634199858,0.9995456337928772,0.45544493198394775,0.7262449264526367,0.008318797685205936,0.9641498327255249,0.3488420248031616,0.7355087995529175,-0.008639146573841572,0.9958975315093994,0.47977936267852783,0.8125556111335754,0.22675643861293793,0.9847905039787292,0.34662267565727234,0.8281629681587219,0.188053160905838,0.9950689673423767,0.4731176793575287,0.8248083591461182,0.2389925867319107,0.9389026165008545,0.3482806384563446,0.8404384851455688,0.2015981823205948,0.9234455227851868,0.5084924697875977,0.8515422344207764,0.09808545559644699,0.9831730127334595,0.35736513137817383,0.8603849411010742,0.05834180861711502,0.990309476852417
24,0.3392593264579773,0.4475497305393219,-0.27431410551071167,0.9999317526817322,0.39528581500053406,0.4690968692302704,-0.03971913456916809,0.9995406270027161,0.30754098296165466,0.5085513591766357,-0.0733805000782013,0.9997262954711914,0.44048210978507996,0.42214617133140564,-0.06353830546140671,0.9159626364707947,0.24981506168842316,0.5452557802200317,-0.26192036271095276,0.9973623156547546,0.4591783881187439,0.35726919770240784,-0.1349707543849945,0.944503664970398,0.241891548037529,0.48580920696258545,-0.5453348159790039,0.9947068095207214,0.46657758951187134,0.3401033580303192,-0.15769675374031067,0.9257023334503174,0.23422832787036896,0.4728149473667145,-0.6008795499801636,0.9798263907432556,0.416104257106781,0.628536581993103,0.008362235501408577,0.9995341897010803,0.3573642075061798,0.6357923150062561,-0.008427984081208706,0.9995636343955994,0.45687517523765564,0.7262861728668213,0.012144381180405617,0.9671187996864319,0.34898433089256287,0.7356688380241394,-0.008849876001477242,0.9958053827285767,0.48085618019104004,0.8125596046447754,0.22527951002120972,0.9853606224060059,0.34664130210876465,0.8280627727508545,0.1918279081583023,0.9948908090591431,0.47434625029563904,0.8248780965805054,0.23752175271511078,0.9373238682746887,0.3489789664745331,0.840272843837738,0.20582066476345062,0.9215682148933411,0.5086652040481567,0.851504921913147,0.0968293622136116,0.9832111597061157,0.35709306597709656,0.8599309325218201,0.06343723088502884,0.9900090098381042
25,0.3409949541091919,0.4476965069770813,-0.29436078667640686,0.9999340772628784,0.3958280384540558,0.46846804022789,-0.04706854373216629,0.999518096446991,0.3082045018672943,0.5088404417037964,-0.09128479659557343,0.999704897403717,0.4425206780433655,0.42176178097724915,-0.05938146635890007,0.9238446354866028,0.2505347728729248,0.5445438623428345,-0.2593461871147156,0.9973767399787903,0.46271905303001404,0.35751721262931824,-0.12910357117652893,0.9496575593948364,0.24111294746398926,0.48556196689605713,-0.522253692150116,0.9948320984840393,0.47027307748794556,0.33949363231658936,-0.15092654526233673,0.9315177798271179,0.23433604836463928,0.4725894629955292,-0.5750357508659363,0.9801700711250305,0.4169633388519287,0.6284103393554688,0.010485653765499592,0.9995617270469666,0.3587875962257385,0.6358625888824463,-0.01060302834957838,0.999582827091217,0.45852142572402954,0.7255536317825317,0.004210212733596563,0.9698554277420044,0.3491538465023041,0.7357111573219299,-0.009085707366466522,0.995793879032135,0.4804776608943939,0.8114863038063049,0.21111515164375305,0.9860419631004333,0.34665101766586304,0.8277782201766968,0.19213394820690155,0.994845986366272,0.4734266698360443,0.8244273066520691,0.22309108078479767,0.9379865527153015,0.3494841754436493,0.839827835559845,0.2059011161327362,0.9211810827255249,0.5088104605674744,0.8513609766960144,0.08109624683856964,0.9835731983184814,0.35651111602783203,0.8591539263725281,0.06448198854923248,0.9899791479110718
26,0.34151607751846313,0.44783443212509155,-0.2957998216152191,0.9999362230300903,0.39592787623405457,0.4682045876979828,-0.046402446925640106,0.9995051026344299,0.3084898293018341,0.5089372992515564,-0.09376148134469986,0.9996899962425232,0.443358838558197,0.4223923683166504,-0.052113570272922516,0.9309158325195312,0.2512316107749939,0.544127345085144,-0.26085832715034485,0.9973970055580139,0.46425169706344604,0.3576488792896271,-0.12451646476984024,0.9543185830116272,0.24175436794757843,0.48526158928871155,-0.5267079472541809,0.9949905276298523,0.4721284508705139,0.3393711447715759,-0.14631642401218414,0.9368564486503601,0.23496009409427643,0.47243496775627136,-0.579748809337616,0.9806699752807617,0.41756799817085266,0.6283339262008667,0.013129896484315395,0.9995869398117065,0.35991719365119934,0.635924220085144,-0.013275782577693462,0.9996005296707153,0.45923951268196106,0.7251588702201843,0.004735284484922886,0.9722813963890076,0.3494689464569092,0.7357693314552307,-0.01223525870591402,0.9957548975944519,0.48043137788772583,0.8111700415611267,0.20559075474739075,0.9866565465927124,0.3466606140136719,0.8276969194412231,0.189045712351799,0.9947807788848877,0.4728533923625946,0.8242254257202148,0.21694038808345795,0.9386156797409058,0.3495529592037201,0.8397406935691833,0.20225103199481964,0.9203155040740967,0.5092112421989441,0.8513615131378174,0.07477835565805435,0.983899712562561,0.35644349455833435,0.8588706254959106,0.06082224100828171,0.9899166226387024
27,0.3417758047580719,0.44784167408943176,-0.29220664501190186,0.9999386668205261,0.39695408940315247,0.46779900789260864,-0.038482699543237686,0.9994927048683167,0.3090027868747711,0.508665919303894,-0.09797055274248123,0.9996785521507263,0.4451937973499298,0.42137986421585083,-0.040847327560186386,0.9371955394744873,0.25200048089027405,0.5442291498184204,-0.28472962975502014,0.9974368810653687,0.46599769592285156,0.35784712433815,-0.11536572873592377,0.9585331678390503,0.24478553235530853,0.48494499921798706,-0.5569624900817871,0.9951310157775879,0.47491347789764404,0.3398958444595337,-0.13665705919265747,0.9417939186096191,0.23839576542377472,0.47154879570007324,-0.6113089323043823,0.981118381023407,0.4185778796672821,0.6283549070358276,0.019083337858319283,0.9996128082275391,0.36182111501693726,0.6360026597976685,-0.01924874819815159,0.9996201992034912,0.46114832162857056,0.724908173084259,0.007354242727160454,0.9745349287986755,0.3502936363220215,0.7355794906616211,-0.017714669927954674,0.9958712458610535,0.4803311228752136,0.8108605146408081,0.20727549493312836,0.9873725771903992,0.34691548347473145,0.8276914954185486,0.1809781938791275,0.9949119687080383,0.4714604914188385,0.8240219354629517,0.21876060962677002,0.9408568739891052,0.34974420070648193,0.8397361040115356,0.19443698227405548,0.9217215776443481,0.5092407464981079,0.8513662815093994,0.07968004792928696,0.9844839572906494,0.3564663529396057,0.8588732481002808,0.053505029529333115,0.990143895149231
28,0.34202876687049866,0.4480727016925812,-0.29228630661964417,0.9999402165412903,0.39746347069740295,0.4675597846508026,-0.03703046962618828,0.9994770288467407,0.3094426989555359,0.5085040330886841,-0.10042095184326172,0.9996650815010071,0.4457341730594635,0.42121773958206177,-0.04166167229413986,0.9428503513336182,0.25242742896080017,0.54426109790802,-0.28836387395858765,0.9974709153175354,0.4673618972301483,0.3577445149421692,-0.11869937926530838,0.9623304009437561,0.24639084935188293,0.48480623960494995,-0.5610995292663574,0.9952650666236877,0.47687163949012756,0.33993297815322876,-0.14064790308475494,0.9462530612945557,0.23877780139446259,0.4704914391040802,-0.615889847278595,0.9815536141395569,0.419354647397995,0.6283742189407349,0.021134445443749428,0.9996346831321716,0.3629317879676819,0.6360406875610352,-0.021297259256243706,0.9996364116668701,0.46213415265083313,0.7247701287269592,0.008031202480196953,0.9765785336494446,0.3508075177669525,0.7354838848114014,-0.023345371708273888,0.9959768652915955,0.48023176193237305,0.8106958270072937,0.2093886286020279,0.9880107045173645,0.34710803627967834,0.8276890516281128,0.17348824441432953,0.9950350522994995,0.4703444540500641,0.8239348530769348,0.22108019888401031,0.9428226947784424,0.34991639852523804,0.8397292494773865,0.18678036332130432,0.9230834245681763,0.5092540383338928,0.8513769507408142,0.08323594927787781,0.9849923253059387,0.35650908946990967,0.8588573932647705,0.044768884778022766,0.9903600811958313
29,0.34798112511634827,0.44965964555740356,-0.26991742849349976,0.9999437928199768,0.39796555042266846,0.4675840139389038,0.004323757719248533,0.9994525909423828,0.31296250224113464,0.5085383653640747,-0.09861578047275543,0.9996670484542847,0.4475216865539551,0.42165684700012207,0.015802644193172455,0.9474530816078186,0.25511956214904785,0.5439806580543518,-0.28135788440704346,0.9975281953811646,0.4798326790332794,0.3601606488227844,-0.04824011027812958,0.9655641317367554,0.24897286295890808,0.4828285276889801,-0.5459614992141724,0.9954390525817871,0.49277085065841675,0.3426854908466339,-0.06541097164154053,0.9497780203819275,0.2450162172317505,0.46776872873306274,-0.5987203121185303,0.9821401238441467,0.42097124457359314,0.6289286017417908,0.032662153244018555,0.9996578693389893,0.3656921982765198,0.6370398998260498,-0.03280824422836304,0.9996562600135803,0.46544817090034485,0.7246842980384827,0.013406663201749325,0.9782358407974243,0.3532031774520874,0.7354865074157715,-0.022454801946878433,0.9961071610450745,0.4788133203983307,0.8110202550888062,0.18611612915992737,0.9886025190353394,0.34740370512008667,0.8276814818382263,0.1593896448612213,0.9951829314231873,0.4664813280105591,0.8253575563430786,0.19351190328598022,0.9458523988723755,0.3500921428203583,0.8397345542907715,0.17094926536083221,0.925591230392456,0.5093637108802795,0.851650059223175,0.06369021534919739,0.9855866432189941,0.3573029041290283,0.858701229095459,0.036024902015924454,0.9906373023986816
30,0.3559027314186096,0.4505329430103302,-0.2640814483165741,0.9999473094940186,0.4000159800052643,0.4676966369152069,0.01778077334165573,0.9994377493858337,0.3169744312763214,0.5091922879219055,-0.10120455175638199,0.999675452709198,0.45196905732154846,0.4221900999546051,0.031101755797863007,0.9517297744750977,0.25841814279556274,0.5438024997711182,-0.30539631843566895,0.9976184964179993,0.4919387102127075,0.36152687668800354,-0.043148793280124664,0.9686108231544495,0.25025859475135803,0.48308172821998596,-0.5762892365455627,0.9956856966018677,0.5045940279960632,0.3438236117362976,-0.06150262802839279,0.9534155130386353,0.24655243754386902,0.4679524600505829,-0.6305878162384033,0.9830467700958252,0.42375290393829346,0.6294565200805664,0.040692657232284546,0.9996774196624756,0.3695123493671417,0.6375761032104492,-0.040811460465192795,0.9996724724769592,0.46755239367485046,0.7240084409713745,0.013499701395630836,0.9797801375389099,0.35521435737609863,0.7355979084968567,-0.02198609709739685,0.9962595105171204,0.4760929048061371,0.8119649887084961,0.15560437738895416,0.9891993999481201,0.347938597202301,0.8277706503868103,0.14197097718715668,0.9953452944755554,0.46265822649002075,0.8280677795410156,0.16013844311237335,0.9492844343185425,0.3505233824253082,0.8398756384849548,0.1511775255203247,0.9284569621086121,0.509292483329773,0.8517418503761292,0.031019974499940872,0.9862722158432007,0.3578818440437317,0.8586959838867188,0.018106013536453247,0.9909178614616394
31,0.36352524161338806,0.45053642988204956,-0.26649636030197144,0.9999513626098633,0.4072408676147461,0.46777451038360596,0.03954959660768509,0.9994468092918396,0.32399165630340576,0.5093287229537964,-0.11091756820678711,0.999691903591156,0.46632543206214905,0.422998309135437,0.05944057181477547,0.9557663798332214,0.26458102464675903,0.5430208444595337,-0.3206772208213806,0.9977461695671082,0.5147650241851807,0.3698030114173889,-0.020411256700754166,0.9714186191558838,0.256115198135376,0.48075973987579346,-0.5801002979278564,0.9959714412689209,0.5283187627792358,0.35265177488327026,-0.03751596808433533,0.9568662643432617,0.25346076488494873,0.4656214118003845,-0.6331725716590881,0.9840779304504395,0.42757201194763184,0.6306701898574829,0.05585725978016853,0.9996954202651978,0.37529048323631287,0.638314962387085,-0.05596648156642914,0.9996868968009949,0.469866007566452,0.7240423560142517,0.04156005382537842,0.9806307554244995,0.3582562804222107,0.7356038689613342,-0.021928876638412476,0.9963964223861694,0.47006475925445557,0.8179531693458557,0.148638516664505,0.9895704388618469,0.34829962253570557,0.8279117941856384,0.1214737743139267,0.9954817295074463,0.45715582370758057,0.8356682658195496,0.14980448782444,0.9525110721588135,0.3504069149494171,0.8405490517616272,0.12864872813224792,0.9316918849945068,0.5095316767692566,0.8521929383277893,0.025586670264601707,0.9867968559265137,0.3586426377296448,0.8584638237953186,0.00016110284195747226,0.9911803007125854
32,0.36800169944763184,0.45061996579170227,-0.2682242691516876,0.9999549388885498,0.4098179042339325,0.4678802192211151,0.047676824033260345,0.9994547367095947,0.3265567123889923,0.5092743635177612,-0.12092817574739456,0.9997078776359558,0.4695873260498047,0.4246308207511902,0.07535920292139053,0.9592927694320679,0.2680196762084961,0.5423526763916016,-0.3344327211380005,0.9978623986244202,0.5182260274887085,0.37369826436042786,0.0036307538393884897,0.9739397168159485,0.25881269574165344,0.4788256883621216,-0.5883107781410217,0.9962445497512817,0.5311376452445984,0.35625147819519043,-0.010670608840882778,0.9599611759185791,0.2564982771873474,0.4635928273200989,-0.6400435566902161,0.9850874543190002,0.4295690953731537,0.6310093998908997,0.06207338348031044,0.9997131824493408,0.37813806533813477,0.6383283138275146,-0.06220534071326256,0.999700665473938,0.4711768925189972,0.7240865230560303,0.049493830651044846,0.9814585447311401,0.35964304208755493,0.7355327010154724,-0.021524673327803612,0.9964960813522339,0.4677499234676361,0.820586621761322,0.14848075807094574,0.9899606108665466,0.3484451472759247,0.8277586102485657,0.1250818520784378,0.9955993890762329,0.45520514249801636,0.8382507562637329,0.14928673207759857,0.95559161901474,0.3501412570476532,0.8405023217201233,0.13286662101745605,0.9347068667411804,0.5097055435180664,0.8526304364204407,0.02736476995050907,0.987337052822113,0.35871726274490356,0.8583088517189026,0.006161385681480169,0.9914287328720093
33,0.3741200566291809,0.4512307941913605,-0.2882370948791504,0.9999589323997498,0.4176679849624634,0.46939772367477417,0.042935580015182495,0.9994944930076599,0.3303827941417694,0.5096434950828552,-0.13777092099189758,0.9997288584709167,0.4861805737018585,0.43312984704971313,0.06872306019067764,0.9629861116409302,0.2680010497570038,0.5412979125976562,-0.3466704785823822,0.9980295300483704,0.5432171821594238,0.3879876136779785,-0.029166745021939278,0.9763777256011963,0.2669433057308197,0.47737109661102295,-0.5956452488899231,0.996545672416687,0.5594009757041931,0.3725997507572174,-0.049275267869234085,0.9632871747016907,0.2652524411678314,0.46204274892807007,-0.6505886912345886,0.9861834645271301,0.4337773025035858,0.6325880885124207,0.06794086843729019,0.9997337460517883,0.38327187299728394,0.6393412947654724,-0.06804662197828293,0.9997170567512512,0.4732763469219208,0.7249840497970581,0.04542801156640053,0.9821903705596924,0.3626553416252136,0.7357270121574402,-0.019224366173148155,0.9966285824775696,0.46403494477272034,0.8233781456947327,0.13594624400138855,0.9903305768966675,0.3491990268230438,0.8274145126342773,0.12999583780765533,0.9957274198532104,0.45171675086021423,0.8423072695732117,0.1363149732351303,0.95854651927948,0.34980615973472595,0.8402218222618103,0.1379251480102539,0.9378610849380493,0.509726345539093,0.8531057834625244,0.01292748935520649,0.9879347681999207,0.3588530421257019,0.858304500579834,0.01118519902229309,0.9917065501213074
34,0.38527175784111023,0.45130541920661926,-0.28840839862823486,0.9999625086784363,0.42644819617271423,0.47593170404434204,0.04732842743396759,0.9995319247245789,0.3356507122516632,0.5098044276237488,-0.14351366460323334,0.9997441172599792,0.49984389543533325,0.45013195276260376,0.07428635656833649,0.9663175344467163,0.27283719182014465,0.5343377590179443,-0.3283936083316803,0.9981592893600464,0.5639757513999939,0.41621658205986023,-0.03660610690712929,0.9785040616989136,0.2812223732471466,0.4727778434753418,-0.5400234460830688,0.996739387512207,0.5803853273391724,0.4051574170589447,-0.05665411055088043,0.9659636616706848,0.2812429368495941,0.4576933979988098,-0.5889394283294678,0.986809253692627,0.44069579243659973,0.6367719173431396,0.07423670589923859,0.9997492432594299,0.393714964389801,0.6428067088127136,-0.07434859871864319,0.9997274279594421,0.4782875180244446,0.7266051173210144,0.05346546322107315,0.9821678996086121,0.3690416216850281,0.7367748022079468,-0.0242267157882452,0.9967820048332214,0.4621066451072693,0.8250981569290161,0.14666607975959778,0.9905394315719604,0.34962666034698486,0.8274251222610474,0.1158408522605896,0.9958693385124207,0.449677050113678,0.84416264295578,0.14827276766300201,0.9610133171081543,0.34805554151535034,0.8403409123420715,0.12311582267284393,0.9406155943870544,0.5078706741333008,0.8532012104988098,0.026406675577163696,0.988373339176178,0.3593258261680603,0.8584498167037964,-0.0012663985835388303,0.9919978380203247
35,0.38846439123153687,0.451377272605896,-0.28535905480384827,0.999966025352478,0.430600643157959,0.4787781238555908,0.05520528554916382,0.9995695948600769,0.33783280849456787,0.5105544328689575,-0.13933704793453217,0.9997599124908447,0.5051897764205933,0.4525231719017029,0.08447662740945816,0.9694002866744995,0.27292516827583313,0.5315191149711609,-0.32947638630867004,0.998295783996582,0.5679705142974854,0.4187941551208496,-0.015934176743030548,0.9805046916007996,0.28190878033638,0.467592716217041,-0.5220902562141418,0.9969308972358704,0.5834348201751709,0.4064914286136627,-0.03253132104873657,0.9687225222587585,0.2840297818183899,0.4517398774623871,-0.5694830417633057,0.9873775839805603,0.4430069923400879,0.637920618057251,0.0744747668504715,0.9997667670249939,0.3934842348098755,0.6429925560951233,-0.0746227577328682,0.9997413754463196,0.4784447252750397,0.7282809615135193,0.05029009282588959,0.9823248982429504,0.3706185817718506,0.7367575168609619,-0.026573600247502327,0.9969498515129089,0.46037864685058594,0.8257068991661072,0.13916651904582977,0.990874707698822,0.3499234914779663,0.8274117112159729,0.10966631025075912,0.9960591793060303,0.44735345244407654,0.8447988629341125,0.14003555476665497,0.963458776473999,0.3468002676963806,0.8403374552726746,0.11692767590284348,0.9435182809829712,0.5056712031364441,0.8532387614250183,0.022028006613254547,0.9889017343521118,0.3598521649837494,0.8588731288909912,-0.005662680137902498,0.9923734664916992
36,0.4008822441101074,0.4508700370788574,-0.28096941113471985,0.9999690055847168,0.4437496066093445,0.4830695688724518,0.05513998121023178,0.9996026158332825,0.34932470321655273,0.5105701684951782,-0.13777494430541992,0.9997736811637878,0.5194847583770752,0.4755915403366089,0.08299703150987625,0.971958339214325,0.2824914753437042,0.5263764262199402,-0.33023911714553833,0.9983948469161987,0.5838625431060791,0.44752100110054016,-0.022944778203964233,0.9821435809135437,0.2923753559589386,0.46378687024116516,-0.5233150124549866,0.9970043301582336,0.6018959283828735,0.43864092230796814,-0.039882395416498184,0.9706456065177917,0.2948436141014099,0.4499770700931549,-0.5714301466941833,0.9875152707099915,0.4515608847141266,0.6410233974456787,0.07830269634723663,0.999778151512146,0.4047248661518097,0.6444384455680847,-0.0784977450966835,0.9997504353523254,0.483805388212204,0.7302551865577698,0.077818363904953,0.9812817573547363,0.38006338477134705,0.7372426390647888,-0.046062059700489044,0.997114896774292,0.46023109555244446,0.8264357447624207,0.1782420426607132,0.9910281300544739,0.3504832088947296,0.8274605870246887,0.07151646167039871,0.9962310791015625,0.44735825061798096,0.8451715111732483,0.18043658137321472,0.9652968645095825,0.34659048914909363,0.840665876865387,0.07710510492324829,0.9458892345428467,0.5046595335006714,0.8532381653785706,0.0719989538192749,0.9892374277114868,0.3600369989871979,0.8593133687973022,-0.04411236569285393,0.9926960468292236
37,0.4125782549381256,0.4510609805583954,-0.2852801978588104,0.9999716281890869,0.4598238170146942,0.48879268765449524,0.04811764508485794,0.9996325969696045,0.36106735467910767,0.5102033019065857,-0.14489558339118958,0.9997870326042175,0.5292455554008484,0.49678942561149597,0.08812069892883301,0.9738723039627075,0.2955542504787445,0.516691267490387,-0.342123806476593,0.9984853267669678,0.5966293215751648,0.4813283681869507,-0.018135471269488335,0.9835092425346375,0.30170682072639465,0.4585566520690918,-0.5423259139060974,0.9970806837081909,0.619379460811615,0.47405827045440674,-0.03628751263022423,0.9722292423248291,0.30314573645591736,0.44549158215522766,-0.5954863429069519,0.9877495169639587,0.46395325660705566,0.6426004767417908,0.07833239436149597,0.9997850656509399,0.4147467017173767,0.6457639932632446,-0.07850990444421768,0.9997593760490417,0.4893692135810852,0.7340725660324097,0.11816057562828064,0.9792637825012207,0.39113473892211914,0.73755943775177,-0.07145525515079498,0.99725741147995,0.459484338760376,0.8277445435523987,0.2656562328338623,0.9909773468971252,0.35243481397628784,0.825976550579071,0.05292220041155815,0.9963861107826233,0.44684380292892456,0.8455628156661987,0.2728118300437927,0.9666035175323486,0.3465544581413269,0.8372727036476135,0.05943956598639488,0.9481543302536011,0.5039249658584595,0.853777289390564,0.16699324548244476,0.9893251061439514,0.36128824949264526,0.8601524233818054,-0.0661294236779213,0.992997944355011
38,0.414755642414093,0.45105671882629395,-0.27813607454299927,0.9999743103981018,0.46198171377182007,0.49139493703842163,0.05305325612425804,0.9996623396873474,0.3651635944843292,0.50999915599823,-0.1387900710105896,0.9998024702072144,0.5334162712097168,0.4979707896709442,0.08917064219713211,0.9757744073867798,0.29952433705329895,0.5125640630722046,-0.3425595462322235,0.9985882639884949,0.599535346031189,0.4818103015422821,-0.016139494255185127,0.9848716259002686,0.3015778660774231,0.4544774293899536,-0.5503726005554199,0.9972271919250488,0.6220769882202148,0.47376877069473267,-0.033764395862817764,0.9740091562271118,0.3040860593318939,0.44492197036743164,-0.6052647829055786,0.9882550239562988,0.46538421511650085,0.6439371109008789,0.07691624760627747,0.9997971057891846,0.41741904616355896,0.6469618082046509,-0.0770873874425888,0.9997734427452087,0.4888617694377899,0.7350014448165894,0.1286570280790329,0.9775382280349731,0.39426761865615845,0.7374590635299683,-0.05745117366313934,0.9973729252815247,0.45915505290031433,0.8289148211479187,0.26816031336784363,0.9908519387245178,0.3530573844909668,0.8243880271911621,0.07297457754611969,0.9965044260025024,0.445681631565094,0.8457468748092651,0.2748064696788788,0.967805027961731,0.34658411145210266,0.8343108892440796,0.08023981750011444,0.949927568435669,0.5039628744125366,0.8542870283126831,0.17261309921741486,0.9893512725830078,0.36128342151641846,0.8605074286460876,-0.041094016283750534,0.9932157397270203
39,0.4254089891910553,0.449754536151886,-0.2347518652677536,0.9999765753746033,0.46635064482688904,0.49481001496315,0.09264065325260162,0.9996888637542725,0.3775772750377655,0.5036905407905579,-0.12113727629184723,0.9998170137405396,0.5289211273193359,0.5205702185630798,0.14222510159015656,0.9758242964744568,0.3110641837120056,0.49809005856513977,-0.33140718936920166,0.9986822009086609,0.6000814437866211,0.5130597352981567,0.04228993505239487,0.985813558101654,0.31189799308776855,0.4458789527416229,-0.5356510877609253,0.9974066019058228,0.6218441724777222,0.509236752986908,0.030503960326313972,0.9748488664627075,0.31141042709350586,0.4347649812698364,-0.5876845121383667,0.988962709903717,0.46997418999671936,0.6430487036705017,0.08378028124570847,0.9998029470443726,0.4258781373500824,0.6464642286300659,-0.08394067734479904,0.9997828006744385,0.4891209602355957,0.7347893714904785,0.11902715265750885,0.9741502404212952,0.40756624937057495,0.7370055317878723,-0.06803210824728012,0.9974439144134521,0.4584214687347412,0.8289713263511658,0.24720321595668793,0.9905182123184204,0.3538409173488617,0.8222654461860657,0.07022252678871155,0.9966244101524353,0.4447215497493744,0.8457037210464478,0.2527647018432617,0.9683841466903687,0.34660664200782776,0.8305095434188843,0.0785493552684784,0.9517168998718262,0.5039762258529663,0.8545374274253845,0.15471237897872925,0.9891191124916077,0.36125728487968445,0.8618467450141907,-0.037404391914606094,0.9934567213058472
40,0.4268779754638672,0.44892916083335876,-0.22586700320243835,0.9999783635139465,0.4691915214061737,0.49585604667663574,0.09184323996305466,0.9997117519378662,0.3781326711177826,0.5009744167327881,-0.11025156080722809,0.999828040599823,0.5298359990119934,0.5208311080932617,0.13689133524894714,0.9753875136375427,0.31350988149642944,0.49608370661735535,-0.32093435525894165,0.9987493753433228,0.6002168655395508,0.5149073004722595,0.03638756647706032,0.9866287708282471,0.3141185939311981,0.442430317401886,-0.5305009484291077,0.9975306987762451,0.6214730739593506,0.5120255947113037,0.023845737800002098,0.9756046533584595,0.3144150674343109,0.4306676685810089,-0.5815607905387878,0.9894506335258484,0.47317826747894287,0.6428609490394592,0.0825994610786438,0.9998059868812561,0.42884117364883423,0.6448333263397217,-0.08273541182279587,0.9997900724411011,0.48855355381965637,0.7343526482582092,0.1125749722123146,0.9705812931060791,0.4116249680519104,0.7355958819389343,-0.06891701370477676,0.9974868297576904,0.45878225564956665,0.828554093837738,0.23319771885871887,0.9901196360588074,0.3544979691505432,0.8197308778762817,0.06506514549255371,0.9967030882835388,0.4449790120124817,0.8454142808914185,0.23796600103378296,0.9687920808792114,0.3466675281524658,0.8278874158859253,0.0728948786854744,0.9531104564666748,0.504025936126709,0.8545303344726562,0.1377509981393814,0.9887370467185974,0.36124539375305176,0.8617772459983826,-0.041555825620889664,0.9935994148254395
41,0.44130346179008484,0.44840317964553833,-0.16693252325057983,0.9999804496765137,0.46865516901016235,0.5005083084106445,0.15183135867118835,0.9997390508651733,0.39209139347076416,0.4940318763256073,-0.1545954793691635,0.9998416900634766,0.5289326906204224,0.5388959050178528,0.217219740152359,0.9752512574195862,0.354735404253006,0.47224748134613037,-0.428201824426651,0.9988324642181396,0.5964139103889465,0.5385175347328186,0.15286101400852203,0.9876558780670166,0.33653566241264343,0.42578354477882385,-0.64183109998703,0.9977422952651978,0.6217921376228333,0.5354019403457642,0.15387704968452454,0.9771717190742493,0.3309878408908844,0.417092502117157,-0.6999192833900452,0.9903595447540283,0.47291526198387146,0.6382643580436707,0.10563535243272781,0.9998168349266052,0.4367777109146118,0.6367032527923584,-0.10576864331960678,0.9997998476028442,0.4878998398780823,0.7336622476577759,0.12922446429729462,0.9641106128692627,0.4314523935317993,0.7348697185516357,-0.12445907294750214,0.9974631071090698,0.45840638875961304,0.8286154270172119,0.2430317997932434,0.9880983829498291,0.35805395245552063,0.8157047033309937,-0.029677066951990128,0.996735692024231,0.4447702169418335,0.8456915020942688,0.24771147966384888,0.9665600657463074,0.3486329913139343,0.824357271194458,-0.025165420025587082,0.9545001983642578,0.505569338798523,0.8545659184455872,0.16841457784175873,0.9871394634246826,0.36322763562202454,0.8617843389511108,-0.132517009973526,0.9937810301780701
42,0.4572606682777405,0.44520285725593567,-0.09516303241252899,0.9999822974205017,0.4633956253528595,0.5030063390731812,0.1780700534582138,0.9997624158859253,0.4185068607330322,0.4821068346500397,-0.14680108428001404,0.9998549818992615,0.5171428918838501,0.5538047552108765,0.26946741342544556,0.9652592539787292,0.3904716670513153,0.4349021911621094,-0.40480151772499084,0.9988943338394165,0.588629961013794,0.55729740858078,0.25105783343315125,0.9863669872283936,0.3717506527900696,0.40711432695388794,-0.6039645671844482,0.9979087710380554,0.6108343005180359,0.5579111576080322,0.26220783591270447,0.9742445349693298,0.364070326089859,0.4044356048107147,-0.6586765646934509,0.9911028742790222,0.46870139241218567,0.6324416399002075,0.1100030168890953,0.9998303055763245,0.445801705121994,0.6280297636985779,-0.11015138775110245,0.9998117089271545,0.48485276103019714,0.7296813130378723,0.07735686749219894,0.9582771062850952,0.4620792269706726,0.7287561893463135,-0.17131169140338898,0.9975138306617737,0.45851486921310425,0.8285626173019409,0.13490447402000427,0.9867340326309204,0.3665466606616974,0.8068568706512451,-0.11576671898365021,0.9968666434288025,0.44513463973999023,0.8460338115692139,0.134520024061203,0.9643301367759705,0.35369887948036194,0.8115555047988892,-0.11398977786302567,0.9570157527923584,0.5055829882621765,0.8546725511550903,0.061064403504133224,0.986284077167511,0.36383798718452454,0.8617619276046753,-0.1997140496969223,0.9941242337226868
43,0.4584580063819885,0.4441550076007843,-0.10075557231903076,0.9999840259552002,0.46162429451942444,0.5032730102539062,0.18607495725154877,0.9997842907905579,0.4208499789237976,0.47886255383491516,-0.14299334585666656,0.9998679161071777,0.5128987431526184,0.5538970232009888,0.27001330256462097,0.957358181476593,0.39230942726135254,0.43290039896965027,-0.4120238721370697,0.9989662766456604,0.5851242542266846,0.55882728099823,0.23848503828048706,0.986193835735321,0.37532681226730347,0.40849241614341736,-0.6238086819648743,0.9980793595314026,0.6068659424781799,0.5594133138656616,0.24731120467185974,0.9736053347587585,0.367328017950058,0.40682122111320496,-0.6806811094284058,0.9918429851531982,0.4670097231864929,0.6287757158279419,0.11258695274591446,0.9998425245285034,0.44431549310684204,0.6234228014945984,-0.11274135112762451,0.9998229742050171,0.4841807782649994,0.7278894782066345,0.06088770180940628,0.9536935091018677,0.46399208903312683,0.7266883254051208,-0.1971617043018341,0.9975587129592896,0.4582527279853821,0.8285078406333923,0.11395967751741409,0.9853975176811218,0.36868971586227417,0.8038500547409058,-0.1409154236316681,0.9969585537910461,0.4450593590736389,0.8462675213813782,0.1126641109585762,0.9623261094093323,0.3542035222053528,0.8077221512794495,-0.13904108107089996,0.9590615630149841,0.5057780146598816,0.8547050356864929,0.035637017339468,0.9854862093925476,0.3650676906108856,0.8613128066062927,-0.22658106684684753,0.9944084882736206
44,0.46494415402412415,0.43663737177848816,-0.04867644980549812,0.999982476234436,0.45471078157424927,0.5009442567825317,0.17444609105587006,0.9997554421424866,0.4436070919036865,0.4726908802986145,-0.17519256472587585,0.9998670220375061,0.48943445086479187,0.5602539777755737,0.29803743958473206,0.8781619071960449,0.4665895700454712,0.4272972643375397,-0.3876471519470215,0.9986059665679932,0.5692943930625916,0.5719892978668213,0.3111671805381775,0.9139052033424377,0.41854506731033325,0.394051730632782,-0.4841165840625763,0.9975361824035645,0.5933388471603394,0.5710151791572571,0.32863080501556396,0.9023542404174805,0.40452688932418823,0.3900514245033264,-0.5364654064178467,0.9910862445831299,0.45931893587112427,0.626214325428009,0.11455605924129486,0.9998430013656616,0.4535013735294342,0.6216167211532593,-0.11462123692035675,0.9998138546943665,0.4782353341579437,0.7278928160667419,0.08918856084346771,0.9294493198394775,0.47069764137268066,0.7265709042549133,-0.1490834802389145,0.9972036480903625,0.457905650138855,0.829219400882721,0.15434640645980835,0.9805179834365845,0.3783870041370392,0.8008268475532532,-0.0704539343714714,0.9967684745788574,0.44456106424331665,0.8476707339286804,0.15614470839500427,0.9559563398361206,0.3588624596595764,0.8040490746498108,-0.06616146117448807,0.9607905149459839,0.5057435631752014,0.8546919822692871,0.06408096104860306,0.9819052219390869,0.37208104133605957,0.8590452671051025,-0.14633245766162872,0.994192898273468
45,0.4775099754333496,0.4383920431137085,0.036803822964429855,0.9999435544013977,0.45121750235557556,0.4984685778617859,0.2352192997932434,0.9997326731681824,0.4638158977031708,0.47214800119400024,-0.161599799990654,0.9998556971549988,0.4806382954120636,0.5557901859283447,0.3345988690853119,0.8000465631484985,0.5380510687828064,0.4400618374347687,-0.20361953973770142,0.9975281357765198,0.5566151738166809,0.5690498948097229,0.3056393265724182,0.8427343964576721,0.5168442130088806,0.3851839303970337,-0.11057901382446289,0.996311366558075,0.5793903470039368,0.570024311542511,0.3188692033290863,0.8348044753074646,0.5116080045700073,0.36955010890960693,-0.13761195540428162,0.9895325899124146,0.45220839977264404,0.6254863739013672,0.11936424672603607,0.9998515248298645,0.46028709411621094,0.6231504082679749,-0.11961209774017334,0.9998167157173157,0.47836270928382874,0.7292928695678711,0.155076265335083,0.8994113206863403,0.4816959500312805,0.7268361449241638,-0.1312522143125534,0.995937705039978,0.4467395842075348,0.8290913105010986,0.22397617995738983,0.976321816444397,0.39995625615119934,0.8041901588439941,-0.0644393265247345,0.996343195438385,0.4344404637813568,0.8475576043128967,0.2278834581375122,0.9520377516746521,0.3786288797855377,0.8082358241081238,-0.0603046789765358,0.9619325995445251,0.5030015110969543,0.8552404046058655,0.18103501200675964,0.9792657494544983,0.39243799448013306,0.8598774671554565,-0.12544400990009308,0.9939056634902954
46,0.4755966067314148,0.4372134804725647,0.042133647948503494,0.9998994469642639,0.45068153738975525,0.4961716830730438,0.2298770248889923,0.9996924996376038,0.46809181571006775,0.4709024727344513,-0.15464463829994202,0.9998250603675842,0.47773054242134094,0.5586402416229248,0.32588472962379456,0.7310437560081482,0.5422251224517822,0.4419797658920288,-0.1932673156261444,0.9963219165802002,0.5555728673934937,0.5673937201499939,0.29269760847091675,0.7877655029296875,0.5197487473487854,0.38495418429374695,-0.09959381818771362,0.9953494071960449,0.5770836472511292,0.5692945122718811,0.30534806847572327,0.7832172513008118,0.5147634744644165,0.36728376150131226,-0.12746043503284454,0.9882627725601196,0.4487000107765198,0.6248762607574463,0.11896409839391708,0.9998573064804077,0.45985153317451477,0.6231637597084045,-0.11924201995134354,0.9998132586479187,0.4784635305404663,0.7292723655700684,0.15980294346809387,0.8652817010879517,0.4824323356151581,0.7274298667907715,-0.13010342419147491,0.9943819046020508,0.44739145040512085,0.8291497826576233,0.2280661016702652,0.9703295230865479,0.4032755196094513,0.8062703609466553,-0.052307307720184326,0.9956664443016052,0.43580856919288635,0.8476049900054932,0.23191039264202118,0.9461287260055542,0.38186267018318176,0.809033215045929,-0.04813627526164055,0.9616237282752991,0.5028117299079895,0.8553272485733032,0.185331329703331,0.975551426410675,0.3948681056499481,0.8598015904426575,-0.12098629027605057,0.9932406544685364
47,0.47555625438690186,0.4382339119911194,0.10541833937168121,0.9998906254768372,0.44563376903533936,0.4956790804862976,0.242116779088974,0.9996922612190247,0.47840774059295654,0.47208744287490845,-0.14695055782794952,0.9998332262039185,0.4737815260887146,0.5622354745864868,0.33321690559387207,0.6753216981887817,0.5472800135612488,0.4438605010509491,-0.16130733489990234,0.9960097074508667,0.5541277527809143,0.5576533675193787,0.3160244822502136,0.7559462785720825,0.5794231295585632,0.39398935437202454,-0.05774548277258873,0.9954860806465149,0.5730190277099609,0.5587380528450012,0.33640697598457336,0.7541026473045349,0.5834689736366272,0.3802739381790161,-0.08112869411706924,0.9888395071029663,0.4465464651584625,0.6258259415626526,0.11840707808732986,0.9998679161071777,0.4627561867237091,0.6245208978652954,-0.11881153285503387,0.999823808670044,0.47744324803352356,0.729123592376709,0.20905543863773346,0.8349155187606812,0.4865647852420807,0.7278335690498352,-0.08367182314395905,0.9927579760551453,0.44852668046951294,0.8297802209854126,0.251174658536911,0.966513991355896,0.4162655472755432,0.8074888586997986,-0.0418773852288723,0.9949871897697449,0.4367469847202301,0.8494075536727905,0.2540131211280823,0.9431734681129456,0.39234086871147156,0.8101499676704407,-0.03807458654046059,0.961693525314331,0.5030755996704102,0.8553992509841919,0.21886634826660156,0.9728781580924988,0.41153639554977417,0.8574373126029968,-0.0894719734787941,0.9925759434700012
48,0.49405840039253235,0.4428839683532715,0.060089465230703354,0.999824583530426,0.44596418738365173,0.4977461099624634,0.23253555595874786,0.9996569156646729,0.48241567611694336,0.470964252948761,-0.16945961117744446,0.999837338924408,0.47963014245033264,0.5578392744064331,0.328855037689209,0.6201796531677246,0.5628665089607239,0.4482056200504303,-0.22181916236877441,0.9961950778961182,0.5519644618034363,0.5526831746101379,0.31133121252059937,0.7125811576843262,0.6430001854896545,0.4440583884716034,-0.17487367987632751,0.995505154132843,0.5705600380897522,0.5508059859275818,0.3298780620098114,0.7133951187133789,0.6597774028778076,0.4462784230709076,-0.20912253856658936,0.9891430139541626,0.4422450065612793,0.6264123916625977,0.1255461424589157,0.9998398423194885,0.46441954374313354,0.6233479976654053,-0.12593096494674683,0.9997616410255432,0.4669492542743683,0.72913658618927,0.20043666660785675,0.7983493804931641,0.49626561999320984,0.7260672450065613,-0.08111269026994705,0.992091953754425,0.4490602910518646,0.8305529356002808,0.2732422947883606,0.9565703868865967,0.43900084495544434,0.8109127283096313,0.00103791244328022,0.9943292140960693,0.4374796450138092,0.8509812355041504,0.27852052450180054,0.9369394779205322,0.42070770263671875,0.8165866136550903,0.009441390633583069,0.9630182981491089,0.506303608417511,0.8556263446807861,0.2374318391084671,0.9672228693962097,0.4464741349220276,0.8557440042495728,-0.0345429889857769,0.9918037056922913
49,0.5020020008087158,0.44722333550453186,0.11103767901659012,0.9997906684875488,0.44566255807876587,0.500544548034668,0.25902804732322693,0.9996126294136047,0.49349913001060486,0.473432332277298,-0.13239529728889465,0.9998403787612915,0.4767002761363983,0.5594459772109985,0.349222332239151,0.5666101574897766,0.5703235864639282,0.49407756328582764,-0.11498098075389862,0.9957282543182373,0.529313325881958,0.5663077235221863,0.38563621044158936,0.6585170030593872,0.6238406896591187,0.519318699836731,0.05571839585900307,0.991135835647583,0.541925847530365,0.5623800754547119,0.4101811945438385,0.6624346375465393,0.6301535367965698,0.5254959464073181,0.05525295436382294,0.9839023947715759,0.43677133321762085,0.6267322301864624,0.12016516178846359,0.999817430973053,0.46647560596466064,0.6235966682434082,-0.12049846351146698,0.9996806383132935,0.4637680649757385,0.7297839522361755,0.18495891988277435,0.779957115650177,0.5089540481567383,0.726273775100708,-0.08075783401727676,0.9910893440246582,0.4525708556175232,0.830454409122467,0.12019845843315125,0.9516897201538086,0.4508134424686432,0.811127781867981,-0.0815001130104065,0.9930036664009094,0.44334715604782104,0.8505769371986389,0.1143595352768898,0.9337055683135986,0.43777593970298767,0.8171981573104858,-0.08086272329092026,0.9615383148193359,0.5098049640655518,0.8563332557678223,0.07876809686422348,0.9643406271934509,0.47286054491996765,0.8547634482383728,-0.10360153019428253,0.9902086853981018
50,0.5041006803512573,0.4501626789569855,0.12281354516744614,0.9997660517692566,0.4458407461643219,0.5016493201255798,0.26111817359924316,0.9995580911636353,0.4952733516693115,0.4745672345161438,-0.12640728056430817,0.9998443126678467,0.4773753583431244,0.558112382888794,0.35149049758911133,0.5179523825645447,0.568996250629425,0.49837663769721985,-0.11177844554185867,0.9953621625900269,0.52634197473526,0.5700144171714783,0.38471513986587524,0.6072958707809448,0.6226955056190491,0.5223470330238342,0.06982485204935074,0.9865687489509583,0.5367808938026428,0.5670778751373291,0.4079906940460205,0.6140077114105225,0.6282730102539062,0.5288013815879822,0.07025482505559921,0.9781118631362915,0.43548956513404846,0.6268700361251831,0.1182289719581604,0.9997941851615906,0.4665391743183136,0.6236088871955872,-0.11854402720928192,0.9996131658554077,0.4621206521987915,0.7298499345779419,0.1512477993965149,0.7589004039764404,0.5103137493133545,0.725820004940033,-0.085408054292202,0.9904528856277466,0.45470911264419556,0.8308043479919434,0.12077610194683075,0.9451387524604797,0.45300596952438354,0.8115559220314026,-0.08065380901098251,0.9915434122085571,0.44438058137893677,0.8518533706665039,0.11695106327533722,0.9284254312515259,0.437924325466156,0.8189520239830017,-0.07871232181787491,0.95955491065979,0.5109047293663025,0.8564882874488831,0.07999904453754425,0.9597256779670715,0.4792421758174896,0.8514875769615173,-0.10739561170339584,0.9879962205886841
51,0.5054851770401001,0.4548241198062897,0.1715293824672699,0.9997641444206238,0.4427073895931244,0.5014387965202332,0.2736549973487854,0.9995725154876709,0.5038160085678101,0.47681066393852234,-0.10031802952289581,0.9998574256896973,0.47019660472869873,0.5551370978355408,0.3475796580314636,0.48755544424057007,0.5690499544143677,0.5205296277999878,-0.06412412226200104,0.9954074621200562,0.513270378112793,0.5756533741950989,0.39669856429100037,0.5614795088768005,0.6107906103134155,0.5595176219940186,0.15708063542842865,0.9816005825996399,0.523078978061676,0.576230525970459,0.42289841175079346,0.5674336552619934,0.6177530288696289,0.5710628628730774,0.17068524658679962,0.9699888229370117,0.43386968970298767,0.6271529197692871,0.11675287038087845,0.9997884035110474,0.4684785306453705,0.6238456964492798,-0.11706115305423737,0.999587893486023,0.46221494674682617,0.7290233969688416,0.13377901911735535,0.7687849998474121,0.5158488750457764,0.7248167395591736,-0.08340995758771896,0.9907010793685913,0.45577019453048706,0.8291750550270081,0.07610294967889786,0.9446474313735962,0.45946958661079407,0.8118280172348022,-0.10843812674283981,0.9907349348068237,0.4449375867843628,0.8476018309593201,0.0680362805724144,0.9302616715431213,0.444018691778183,0.8202994465827942,-0.10832468420267105,0.9594098925590515,0.5046586990356445,0.8566474318504333,0.04691827669739723,0.9557884335517883,0.485369473695755,0.8516845107078552,-0.11628162860870361,0.9856471419334412
52,0.5092860460281372,0.45906567573547363,0.16971005499362946,0.9997668266296387,0.4401629567146301,0.500933051109314,0.24671931564807892,0.9995959997177124,0.5113868117332458,0.48577582836151123,-0.10892657935619354,0.9998698830604553,0.4560433030128479,0.5559223890304565,0.32579755783081055,0.46913912892341614,0.5639199614524841,0.5393195748329163,-0.06954238563776016,0.9956430792808533,0.49858468770980835,0.5808926224708557,0.36486348509788513,0.5124821662902832,0.5898354053497314,0.5818438529968262,0.16690191626548767,0.9747487306594849,0.5085681676864624,0.5880293250083923,0.38727685809135437,0.5170798301696777,0.5948485732078552,0.5947112441062927,0.18676726520061493,0.9575601816177368,0.4343109726905823,0.6277304887771606,0.1158749908208847,0.9997839331626892,0.4722953736782074,0.6239397525787354,-0.11618330329656601,0.9995703101158142,0.4597008526325226,0.7287617921829224,0.11443828046321869,0.7763879299163818,0.5221901535987854,0.7241442203521729,-0.08545026183128357,0.9907068610191345,0.4565260112285614,0.8288451433181763,0.05771781876683235,0.9423215389251709,0.4614151120185852,0.8116772174835205,-0.11116251349449158,0.989303708076477,0.44593414664268494,0.8470897078514099,0.04969565197825432,0.9296189546585083,0.4462229311466217,0.8203717470169067,-0.10945522785186768,0.9571527242660522,0.5000951290130615,0.8571826219558716,0.03050233982503414,0.9501804709434509,0.4855135977268219,0.8512163162231445,-0.11172635853290558,0.982947826385498
53,0.5182872414588928,0.4614167809486389,0.1566622257232666,0.9997779130935669,0.4403638541698456,0.5037218928337097,0.1994585543870926,0.9996277093887329,0.5185644030570984,0.4978344738483429,-0.12200622260570526,0.9998810291290283,0.4175531566143036,0.5672345161437988,0.262561172246933,0.48019298911094666,0.543712854385376,0.5698261857032776,-0.10754526406526566,0.9955057501792908,0.45309334993362427,0.6005092859268188,0.317553848028183,0.47147831320762634,0.5764281153678894,0.6223023533821106,0.06324484199285507,0.9614194631576538,0.4609827995300293,0.6016650199890137,0.3356848359107971,0.47372305393218994,0.5923258662223816,0.6328797936439514,0.07246433943510056,0.9361911416053772,0.4339505732059479,0.6323872208595276,0.11580066382884979,0.9997891783714294,0.47526389360427856,0.6289504766464233,-0.11609815806150436,0.9995802044868469,0.45842820405960083,0.7296208143234253,0.11626606434583664,0.7671787142753601,0.5220872759819031,0.7243479490280151,-0.06010415777564049,0.9903161525726318,0.45748549699783325,0.8289279341697693,0.06598205864429474,0.9361813068389893,0.4632064700126648,0.812005341053009,-0.08897467702627182,0.9882649183273315,0.4462999105453491,0.8478773236274719,0.05795472115278244,0.9240474104881287,0.44695764780044556,0.8213158249855042,-0.08691364526748657,0.9538934826850891,0.500150203704834,0.857660174369812,0.0262769665569067,0.943809449672699,0.4866504669189453,0.8515793085098267,-0.09250076115131378,0.981829047203064
54,0.5282256007194519,0.4650839567184448,0.1513030081987381,0.9997705817222595,0.4406624436378479,0.5036225318908691,0.17529115080833435,0.9996576309204102,0.522953450679779,0.5012951493263245,-0.12263398617506027,0.9998911023139954,0.3951292037963867,0.56272953748703,0.1944136768579483,0.5162389278411865,0.5272087454795837,0.5667858123779297,-0.11376495659351349,0.9948022961616516,0.4272928833961487,0.598310649394989,0.19632580876350403,0.44258183240890503,0.5256215333938599,0.6166159510612488,0.039501529186964035,0.9419533610343933,0.4318937063217163,0.6072710752487183,0.20268689095973969,0.4385156035423279,0.5266440510749817,0.6324484348297119,0.04934385046362877,0.9083045125007629,0.43464773893356323,0.634484589099884,0.11450836062431335,0.9997900128364563,0.47728395462036133,0.6324987411499023,-0.11481621116399765,0.9995846152305603,0.45886489748954773,0.7294644713401794,0.11485519260168076,0.7591285109519958,0.5216658115386963,0.7250022888183594,-0.06449858099222183,0.9903660416603088,0.4575168788433075,0.8267800807952881,0.0565699078142643,0.9305620193481445,0.4629259705543518,0.8120245337486267,-0.09843403846025467,0.9872441291809082,0.44624656438827515,0.846266508102417,0.04685428738594055,0.9190595746040344,0.4473794400691986,0.8214215636253357,-0.09820005297660828,0.9528557658195496,0.4925018846988678,0.8577635884284973,0.010505571030080318,0.9382085800170898,0.48722878098487854,0.851798951625824,-0.10238271951675415,0.9811665415763855
55,0.52922123670578,0.4683762788772583,0.14111822843551636,0.999745786190033,0.44106176495552063,0.5037269592285156,0.17001669108867645,0.9996826648712158,0.5240063667297363,0.5024081468582153,-0.12389661371707916,0.9999004006385803,0.3941320478916168,0.5605440735816956,0.18603137135505676,0.5464139580726624,0.5233285427093506,0.5682100653648376,-0.1278592199087143,0.9943767189979553,0.4255393147468567,0.5989113450050354,0.18222887814044952,0.41522011160850525,0.5193802118301392,0.6206217408180237,0.0034627781715244055,0.9288963675498962,0.4301096498966217,0.6086618900299072,0.18904533982276917,0.4061936140060425,0.5185946226119995,0.6354802250862122,0.008131531998515129,0.8883044719696045,0.43484658002853394,0.6350014805793762,0.11278604716062546,0.9997846484184265,0.47804808616638184,0.6339104771614075,-0.11311163008213043,0.9995811581611633,0.4594874382019043,0.7290297746658325,0.11613190174102783,0.7455319166183472,0.5206162333488464,0.7260762453079224,-0.06039229407906532,0.9902854561805725,0.4573419392108917,0.8236628770828247,0.0650600716471672,0.9238535761833191,0.4625296890735626,0.8120362758636475,-0.09818258136510849,0.9864774346351624,0.4461650252342224,0.841717004776001,0.05514392629265785,0.9140781164169312,0.44764649868011475,0.8214801549911499,-0.09866245836019516,0.9524180293083191,0.48410314321517944,0.8577553629875183,0.019195949658751488,0.9327920079231262,0.4874315559864044,0.8521840572357178,-0.10620071738958359,0.9807350635528564
56,0.5340120196342468,0.47042468190193176,0.194703608751297,0.9996565580368042,0.4399928152561188,0.5039018988609314,0.15818893909454346,0.9997040629386902,0.5232218503952026,0.5042733550071716,-0.0776703879237175,0.9999008178710938,0.37767523527145386,0.5433152914047241,0.14470627903938293,0.5887404084205627,0.5118538737297058,0.5544754862785339,-0.07462342083454132,0.9921748638153076,0.41284576058387756,0.5922179818153381,0.1273081749677658,0.40702182054519653,0.49628156423568726,0.5925719738006592,0.06004906818270683,0.8724976778030396,0.41615113615989685,0.6035646796226501,0.12833327054977417,0.3866841197013855,0.49448731541633606,0.604362428188324,0.07107589393854141,0.8272673487663269,0.4351004660129547,0.636670708656311,0.10570622980594635,0.9997655153274536,0.4791082739830017,0.6368029713630676,-0.10609796643257141,0.9995442628860474,0.4600183069705963,0.7290904521942139,0.12267941981554031,0.7482265830039978,0.5191235542297363,0.7273940443992615,-0.06444941461086273,0.9909024834632874,0.4571203589439392,0.8231832981109619,0.07027369737625122,0.9230368733406067,0.4612233638763428,0.8132600784301758,-0.09532663971185684,0.9866620898246765,0.44613754749298096,0.8419922590255737,0.06082402169704437,0.9149801731109619,0.44724807143211365,0.8225622177124023,-0.09540224075317383,0.9550833106040955,0.48313531279563904,0.8576754331588745,0.026298118755221367,0.9262458086013794,0.4886147379875183,0.8524282574653625,-0.1060878187417984,0.9800752401351929
57,0.534870982170105,0.4709486663341522,0.2221536636352539,0.9995905160903931,0.44002118706703186,0.5037750601768494,0.1561906486749649,0.999727189540863,0.523483395576477,0.5046961307525635,-0.0557289719581604,0.9998946785926819,0.3734641373157501,0.5311508178710938,0.1304798424243927,0.6288328766822815,0.5076325535774231,0.5528234839439392,-0.03608885779976845,0.9894652366638184,0.4016105830669403,0.5881481766700745,0.10841682553291321,0.4254436790943146,0.4980817437171936,0.5814084410667419,0.1280229091644287,0.8077344298362732,0.40485650300979614,0.5994559526443481,0.10826370120048523,0.3888224959373474,0.49654343724250793,0.590984582901001,0.142495796084404,0.7613361477851868,0.4346481263637543,0.6368181705474854,0.10369547456502914,0.9997645616531372,0.47872576117515564,0.6379274725914001,-0.10412639379501343,0.9995337724685669,0.4602031111717224,0.7289540767669678,0.1359400451183319,0.7581200003623962,0.5186052322387695,0.7277520895004272,-0.06583660840988159,0.9916358590126038,0.4568198323249817,0.8231171369552612,0.08033525198698044,0.9254887104034424,0.4605947732925415,0.8140867352485657,-0.0804826095700264,0.9873068928718567,0.44605734944343567,0.8423529863357544,0.07355606555938721,0.9185908436775208,0.4463978707790375,0.8232308030128479,-0.07843857258558273,0.9582985639572144,0.48218339681625366,0.8576574325561523,0.04233863577246666,0.9226991534233093,0.48632577061653137,0.8526819944381714,-0.07858656346797943,0.9797866344451904
58,0.5370792746543884,0.4723728597164154,0.21299929916858673,0.9994534254074097,0.43951645493507385,0.5020552277565002,0.14570985734462738,0.9997468590736389,0.5227972865104675,0.5045612454414368,-0.06478998810052872,0.9998892545700073,0.37424421310424805,0.5231254696846008,0.11468557268381119,0.6641056537628174,0.5055690407752991,0.5536361932754517,-0.07656028866767883,0.9861449599266052,0.39949965476989746,0.5868159532546997,0.08528097718954086,0.43749234080314636,0.49665215611457825,0.583195686340332,0.05966486781835556,0.7627447843551636,0.40312090516090393,0.5957856774330139,0.08323616534471512,0.38831549882888794,0.4895881712436676,0.5954107642173767,0.06236084923148155,0.7136858701705933,0.4344758689403534,0.6370730400085449,0.10144057124853134,0.9997514486312866,0.47867730259895325,0.638465940952301,-0.10189562290906906,0.999503493309021,0.46043020486831665,0.7286257147789001,0.14033161103725433,0.7618399262428284,0.5183060765266418,0.7283526659011841,-0.06550033390522003,0.9921343922615051,0.45661604404449463,0.822810173034668,0.09632114320993423,0.9261173605918884,0.45978879928588867,0.8151879906654358,-0.06403093785047531,0.9875739812850952,0.44517987966537476,0.843868613243103,0.08967103809118271,0.919857382774353,0.44551384449005127,0.8240737915039062,-0.06109273061156273,0.9604616165161133,0.48341017961502075,0.8576483130455017,0.06477940827608109,0.9186482429504395,0.487478107213974,0.8536501526832581,-0.06384949386119843,0.9792532324790955
59,0.5378478169441223,0.47273844480514526,0.20994938910007477,0.999241292476654,0.4388387203216553,0.49887746572494507,0.13789822161197662,0.9997642636299133,0.5217925310134888,0.5040436387062073,-0.06888154149055481,0.9998809099197388,0.37406474351882935,0.5168815851211548,0.10646617412567139,0.6962003707885742,0.5069366097450256,0.5524741411209106,-0.0842338427901268,0.983454167842865,0.4008989930152893,0.575950562953949,0.08275225013494492,0.43577465415000916,0.4947355091571808,0.5793606042861938,0.03808559849858284,0.7190535664558411,0.40464627742767334,0.5919061303138733,0.08220753073692322,0.376875638961792,0.4849929213523865,0.5918523073196411,0.042453888803720474,0.6673141121864319,0.43375563621520996,0.636939525604248,0.0996231660246849,0.999729573726654,0.47824159264564514,0.6382845044136047,-0.10008691251277924,0.9994590878486633,0.4601849913597107,0.7285792827606201,0.14731216430664062,0.7672368884086609,0.518153965473175,0.7283461093902588,-0.05880524590611458,0.9925782084465027,0.45656898617744446,0.8228102922439575,0.10539817810058594,0.9283573031425476,0.46035757660865784,0.8151838779449463,-0.05654850974678993,0.9879693388938904,0.44480055570602417,0.8440957069396973,0.09885144978761673,0.922180712223053,0.44582033157348633,0.8240270614624023,-0.05393896996974945,0.9625716805458069,0.48494985699653625,0.8576405644416809,0.07983440905809402,0.9173117280006409,0.48518484830856323,0.8542506694793701,-0.052608147263526917,0.9791699647903442
60,0.5378617644309998,0.47294124960899353,0.20937024056911469,0.9990535378456116,0.43848738074302673,0.497360497713089,0.13369306921958923,0.9997798204421997,0.5215779542922974,0.5037861466407776,-0.06952504813671112,0.9998726844787598,0.3742406666278839,0.5158464908599854,0.10227471590042114,0.7250511050224304,0.5075986981391907,0.5520284175872803,-0.08473321050405502,0.9813182353973389,0.40042054653167725,0.5723424553871155,0.07875358313322067,0.4348372519016266,0.4940246641635895,0.5791113376617432,0.033188190311193466,0.6821003556251526,0.4043401777744293,0.5896413922309875,0.07865431159734726,0.3672209680080414,0.4840492904186249,0.5918753147125244,0.039335332810878754,0.6274145841598511,0.43329137563705444,0.6367904543876648,0.09790298342704773,0.9997134208679199,0.4779718220233917,0.6380320191383362,-0.09838240593671799,0.9994240403175354,0.4596370756626129,0.7284519672393799,0.15284676849842072,0.7742166519165039,0.518106997013092,0.7283236384391785,-0.05054856091737747,0.9929803609848022,0.4563710689544678,0.8222237229347229,0.11078306287527084,0.9309046268463135,0.4612793028354645,0.8149407505989075,-0.05075054615736008,0.9883552193641663,0.44353407621383667,0.8441383242607117,0.10422591865062714,0.9247556328773499,0.4469597041606903,0.8239620923995972,-0.04845905303955078,0.9645089507102966,0.48345136642456055,0.8577346205711365,0.08470720052719116,0.9168203473091125,0.48610952496528625,0.8543273210525513,-0.04656924307346344,0.9791774153709412
61,0.5365516543388367,0.4717522859573364,0.2116888463497162,0.9989869594573975,0.438402384519577,0.49579861760139465,0.13724291324615479,0.9997947812080383,0.5204973220825195,0.5032996535301208,-0.07363421469926834,0.9998682737350464,0.3737516701221466,0.5175874829292297,0.10638114809989929,0.7511628270149231,0.5070415139198303,0.5542402267456055,-0.0890539214015007,0.9805368781089783,0.4026593565940857,0.5720306038856506,0.07516785711050034,0.4338638186454773,0.491060733795166,0.5863112807273865,0.03124052658677101,0.6557688117027283,0.4061676561832428,0.5891911387443542,0.0740009993314743,0.3578590750694275,0.48112615942955017,0.5986064672470093,0.03799259290099144,0.5956446528434753,0.432650625705719,0.6366838812828064,0.09836044162511826,0.99970543384552,0.47748899459838867,0.6377783417701721,-0.09881884604692459,0.9993955492973328,0.45797738432884216,0.728397786617279,0.15629397332668304,0.783486545085907,0.5175718069076538,0.7278355360031128,-0.04522533342242241,0.9933604598045349,0.4554179310798645,0.8223168253898621,0.11839784681797028,0.933336615562439,0.4612099528312683,0.8145243525505066,-0.041354767978191376,0.9886934161186218,0.4418312907218933,0.8454057574272156,0.11206351965665817,0.9272372722625732,0.44702932238578796,0.8238160610198975,-0.038981176912784576,0.9662781357765198,0.4824199080467224,0.8577388525009155,0.09065482765436172,0.9158616065979004,0.4888457655906677,0.8541730046272278,-0.039358556270599365,0.9790933132171631
62,0.5346544981002808,0.4712721109390259,0.14065834879875183,0.998970627784729,0.4344729483127594,0.49604111909866333,0.12060709297657013,0.9998070597648621,0.5190579891204834,0.5028144717216492,-0.13910360634326935,0.9998771548271179,0.3764767646789551,0.5204817652702332,0.12197044491767883,0.7716889977455139,0.5051032900810242,0.558349072933197,-0.12329931557178497,0.9813531637191772,0.41074150800704956,0.5725131034851074,0.11191053688526154,0.41066357493400574,0.49606233835220337,0.5988084673881531,0.0371873639523983,0.6466057300567627,0.415192186832428,0.5888553857803345,0.11612565815448761,0.3347000479698181,0.48617151379585266,0.6086682081222534,0.05283515900373459,0.5791366100311279,0.4317591190338135,0.6368212103843689,0.10121756047010422,0.9997014999389648,0.47744354605674744,0.6380487680435181,-0.10177086293697357,0.999392569065094,0.45625045895576477,0.7284230589866638,0.16237615048885345,0.775731086730957,0.5170628428459167,0.7278261184692383,-0.036645930260419846,0.9932641983032227,0.45520272850990295,0.822162389755249,0.10700662434101105,0.9315219521522522,0.46034735441207886,0.8139191269874573,-0.04901231452822685,0.9883103370666504,0.44299018383026123,0.8463436365127563,0.09756377339363098,0.926153302192688,0.44625258445739746,0.8228522539138794,-0.04684758558869362,0.9665507078170776,0.4856155514717102,0.8575491309165955,0.08848186582326889,0.9142143130302429,0.4867645800113678,0.8541412353515625,-0.046466387808322906,0.978985071182251
63,0.5338586568832397,0.47085171937942505,0.1359054148197174,0.9989405870437622,0.4331289827823639,0.4961971342563629,0.11830062419176102,0.9998177886009216,0.5182463526725769,0.5024998784065247,-0.14290787279605865,0.9998846054077148,0.3770986795425415,0.5227828621864319,0.12147451192140579,0.7906050682067871,0.5045415759086609,0.5594909191131592,-0.12798352539539337,0.9819725155830383,0.4123929440975189,0.5735255479812622,0.11486702412366867,0.390434592962265,0.4976988136768341,0.5998170375823975,0.03806878626346588,0.6353493928909302,0.41685354709625244,0.5887366533279419,0.12082086503505707,0.3141440749168396,0.49105119705200195,0.6091281175613403,0.054474201053380966,0.5616375803947449,0.4314330220222473,0.636885941028595,0.10297544300556183,0.9996981620788574,0.4773709774017334,0.6382744908332825,-0.10356329381465912,0.9993883371353149,0.4554425776004791,0.7285019159317017,0.16339004039764404,0.7706562280654907,0.5167093276977539,0.7278432846069336,-0.03621338680386543,0.9933024644851685,0.45513230562210083,0.8222322463989258,0.10255170613527298,0.9307727813720703,0.45973920822143555,0.8138035535812378,-0.0523846261203289,0.988152027130127,0.4437442719936371,0.8474642634391785,0.09270671755075455,0.9258052110671997,0.4456880986690521,0.8225908875465393,-0.050359807908535004,0.9670758247375488,0.4873436689376831,0.8574706315994263,0.08566270023584366,0.9134318232536316,0.48539263010025024,0.8583502173423767,-0.04876299574971199,0.9790607690811157
64,0.5329368710517883,0.46740439534187317,0.08884353190660477,0.9990253448486328,0.4336579144001007,0.4960342347621918,0.1403486579656601,0.9998301267623901,0.5167322754859924,0.5014173984527588,-0.17743194103240967,0.9998952150344849,0.38016200065612793,0.5362837314605713,0.15076477825641632,0.7945190668106079,0.5013823509216309,0.561865508556366,-0.20182549953460693,0.9834678769111633,0.41548439860343933,0.5879446268081665,0.12020000070333481,0.3667440116405487,0.49907827377319336,0.6275230646133423,-0.0982271209359169,0.6649023294448853,0.4206300377845764,0.600555956363678,0.1254034787416458,0.29317235946655273,0.4923807680606842,0.6446466445922852,-0.10176694393157959,0.5919857025146484,0.4309864938259125,0.636814296245575,0.11495304107666016,0.999697744846344,0.47474732995033264,0.6381006240844727,-0.11536802351474762,0.9994071125984192,0.45376333594322205,0.7275788187980652,0.14653798937797546,0.7468583583831787,0.5151890516281128,0.7286732196807861,-0.07056476175785065,0.9933159351348877,0.4534818232059479,0.8218300938606262,0.11142296344041824,0.920098602771759,0.4575502872467041,0.8138743042945862,-0.06337351351976395,0.9878837466239929,0.440818727016449,0.8392359614372253,0.10418684035539627,0.9152732491493225,0.44132697582244873,0.8225637674331665,-0.06106629595160484,0.9667249321937561,0.48770231008529663,0.8556279540061951,0.08264533430337906,0.9080085754394531,0.48443230986595154,0.8558036684989929,-0.07362595945596695,0.9794443249702454
