frame_id,timestamp,nose_x,nose_y,nose_z,nose_visibility,left_shoulder_x,left_shoulder_y,left_shoulder_z,left_shoulder_visibility,right_shoulder_x,right_shoulder_y,right_shoulder_z,right_shoulder_visibility,left_elbow_x,left_elbow_y,left_elbow_z,left_elbow_visibility,right_elbow_x,right_elbow_y,right_elbow_z,right_elbow_visibility,left_wrist_x,left_wrist_y,left_wrist_z,left_wrist_visibility,right_wrist_x,right_wrist_y,right_wrist_z,right_wrist_visibility,left_pinky_x,left_pinky_y,left_pinky_z,left_pinky_visibility,right_pinky_x,right_pinky_y,right_pinky_z,right_pinky_visibility,left_hip_x,left_hip_y,left_hip_z,left_hip_visibility,right_hip_x,right_hip_y,right_hip_z,right_hip_visibility,left_knee_x,left_knee_y,left_knee_z,left_knee_visibility,right_knee_x,right_knee_y,right_knee_z,right_knee_visibility,left_ankle_x,left_ankle_y,left_ankle_z,left_ankle_visibility,right_ankle_x,right_ankle_y,right_ankle_z,right_ankle_visibility,left_heel_x,left_heel_y,left_heel_z,left_heel_visibility,right_heel_x,right_heel_y,right_heel_z,right_heel_visibility,left_foot_index_x,left_foot_index_y,left_foot_index_z,left_foot_index_visibility,right_foot_index_x,right_foot_index_y,right_foot_index_z,right_foot_index_visibility
0,0.0,0.49356070160865784,0.4533756375312805,-0.10982692241668701,0.9996458292007446,0.4499565660953522,0.4985440671443939,0.12262819707393646,0.9995403289794922,0.44558173418045044,0.49343809485435486,-0.28513118624687195,0.9999697208404541,0.46716421842575073,0.5623793601989746,0.19709718227386475,0.16888931393623352,0.46103477478027344,0.565315306186676,-0.3352966010570526,0.9928752183914185,0.5245069265365601,0.594809889793396,0.1386365294456482,0.42702847719192505,0.5117038488388062,0.6150612831115723,-0.3292074501514435,0.9899312257766724,0.5415214896202087,0.5969454050064087,0.13818863034248352,0.4123079180717468,0.5218209028244019,0.6321169137954712,-0.37150102853775024,0.9823741912841797,0.4369552731513977,0.6358512043952942,0.11878787726163864,0.9980658888816833,0.4236103594303131,0.6350222826004028,-0.11897214502096176,0.9982611536979675,0.4491211473941803,0.7306747436523438,0.17925843596458435,0.7274917960166931,0.4209499955177307,0.7330732345581055,-0.09297479689121246,0.988767683506012,0.4592554569244385,0.8274161219596863,0.3046601712703705,0.9279000759124756,0.3665037155151367,0.8259462714195251,0.018972989171743393,0.9937630295753479,0.4500799775123596,0.8457712531089783,0.31162717938423157,0.9091953039169312,0.3491935133934021,0.8358410596847534,0.024471009150147438,0.9681771397590637,0.5058621168136597,0.8503388166427612,0.24213771522045135,0.953178346157074,0.3895691931247711,0.8667274713516235,-0.07797150313854218,0.990882933139801
1,0.04166666666666667,0.4826832711696625,0.45313531160354614,-0.1142839789390564,0.9996764659881592,0.4606296718120575,0.5029115676879883,0.1391489952802658,0.9995694160461426,0.4294198751449585,0.49274033308029175,-0.22491294145584106,0.9999681711196899,0.4936685860157013,0.5610854029655457,0.21360179781913757,0.21238578855991364,0.44669198989868164,0.5596536993980408,-0.3287734091281891,0.9929602742195129,0.5619915127754211,0.5841620564460754,0.14122623205184937,0.47622552514076233,0.5050874948501587,0.5990256667137146,-0.3782379925251007,0.9900067448616028,0.5813302993774414,0.5868534445762634,0.137281596660614,0.4598381221294403,0.5152332186698914,0.6096482276916504,-0.42367929220199585,0.9823373556137085,0.4430175721645355,0.6366245150566101,0.10919782519340515,0.9981446266174316,0.41991332173347473,0.6361221671104431,-0.10928486287593842,0.9983111023902893,0.45018014311790466,0.7313347458839417,0.14299291372299194,0.7413822412490845,0.4032955765724182,0.7334425449371338,-0.09997935593128204,0.9894572496414185,0.4591047465801239,0.8284233808517456,0.23758570849895477,0.9308107495307922,0.35910117626190186,0.8215745687484741,-0.011948122642934322,0.9940382838249207,0.44887468218803406,0.847213089466095,0.24019618332386017,0.9114584922790527,0.34666121006011963,0.8319870233535767,-0.00982569344341755,0.9680343270301819,0.5068017244338989,0.8519493937492371,0.160470649600029,0.9547610282897949,0.3743125796318054,0.8626431226730347,-0.12233013659715652,0.9912219047546387
2,0.08333333333333334,0.4754522740840912,0.451923668384552,-0.09160369634628296,0.9997050166130066,0.4633416533470154,0.5037521123886108,0.14950339496135712,0.9995948672294617,0.4181075990200043,0.4913274049758911,-0.20604141056537628,0.9999666810035706,0.4997771680355072,0.5587304830551147,0.21674884855747223,0.26419195532798767,0.4317287504673004,0.5524901747703552,-0.32619401812553406,0.993037760257721,0.572900652885437,0.5755564570426941,0.13840900361537933,0.5233393311500549,0.4970005750656128,0.5828667283058167,-0.38839563727378845,0.9901394844055176,0.5928290486335754,0.5766149163246155,0.12704096734523773,0.5058937072753906,0.5067349672317505,0.5921145081520081,-0.43248307704925537,0.982456624507904,0.44541338086128235,0.63716059923172,0.10431672632694244,0.9982152581214905,0.41569963097572327,0.6369186043739319,-0.10438291728496552,0.9983711838722229,0.4505460560321808,0.7317320704460144,0.12993142008781433,0.7579359412193298,0.39256471395492554,0.7334108948707581,-0.10472932457923889,0.9901241064071655,0.45910337567329407,0.8288186192512512,0.21815276145935059,0.9347973465919495,0.35541361570358276,0.8210404515266418,-0.027264457195997238,0.9943642020225525,0.44860097765922546,0.847591757774353,0.22003741562366486,0.9155319929122925,0.34483373165130615,0.8316218256950378,-0.02667161449790001,0.9679144620895386,0.5074365139007568,0.8525136113166809,0.13681113719940186,0.9571999311447144,0.3683352470397949,0.8615308403968811,-0.14226728677749634,0.9916036128997803
3,0.125,0.4690872132778168,0.4517928957939148,-0.09467218816280365,0.9997305870056152,0.46373558044433594,0.504686176776886,0.1458401083946228,0.9996131062507629,0.4087444841861725,0.491316020488739,-0.19554893672466278,0.9999606609344482,0.5049883723258972,0.557505190372467,0.20600448548793793,0.31558990478515625,0.4227959215641022,0.548572301864624,-0.33614084124565125,0.9928683638572693,0.5751021504402161,0.5694334506988525,0.11610566824674606,0.5656953454017639,0.49084433913230896,0.5720598697662354,-0.4230307936668396,0.9897761344909668,0.598662793636322,0.5682242512702942,0.10211356729269028,0.5471309423446655,0.5035775303840637,0.5783835649490356,-0.46707627177238464,0.9817022085189819,0.4460718333721161,0.6394832730293274,0.09889492392539978,0.9982823133468628,0.40998655557632446,0.6380848288536072,-0.09893584251403809,0.998420774936676,0.4507595896720886,0.7332069277763367,0.11498710513114929,0.7751360535621643,0.3844379186630249,0.7336511611938477,-0.10311722010374069,0.9907615184783936,0.4591008126735687,0.8291761875152588,0.20083743333816528,0.9388341307640076,0.354591965675354,0.8212065100669861,-0.023591233417391777,0.9946497678756714,0.44833481311798096,0.8481345176696777,0.20212045311927795,0.9193782806396484,0.3450431227684021,0.8320565819740295,-0.02338738553225994,0.9671019315719604,0.5087746977806091,0.8526507019996643,0.11352074146270752,0.9594712257385254,0.36562439799308777,0.8611817955970764,-0.1431460827589035,0.991886556148529
4,0.16666666666666669,0.460703045129776,0.4511469900608063,-0.0709361881017685,0.9997560977935791,0.4638258218765259,0.5043841600418091,0.1752871423959732,0.9996387958526611,0.4010314345359802,0.48975926637649536,-0.12192545086145401,0.9999617338180542,0.5044920444488525,0.5536062717437744,0.18121063709259033,0.3607194721698761,0.4083421528339386,0.5428735017776489,-0.2946436405181885,0.9931004047393799,0.5728122591972351,0.5579423308372498,0.04750293493270874,0.6035574078559875,0.4787832498550415,0.5589960217475891,-0.39265403151512146,0.9899879693984985,0.5967085957527161,0.558829128742218,0.022468212991952896,0.5852658152580261,0.49377670884132385,0.5654533505439758,-0.4347586929798126,0.9819415807723999,0.4458760917186737,0.6409931778907776,0.09315513074398041,0.9984179139137268,0.4046308994293213,0.6392650604248047,-0.09317664057016373,0.998543381690979,0.4509221613407135,0.7357932925224304,0.07877914607524872,0.7933594584465027,0.37986108660697937,0.7342448830604553,-0.10759124904870987,0.9914416670799255,0.4591102600097656,0.829964280128479,0.1636410802602768,0.9432507753372192,0.3530830144882202,0.823772668838501,-0.022955190390348434,0.994868278503418,0.448280930519104,0.8487894535064697,0.16456225514411926,0.9236657619476318,0.34493547677993774,0.8350299596786499,-0.021632010117173195,0.9646684527397156,0.5092115998268127,0.8532599806785583,0.0715925320982933,0.9617757797241211,0.36451202630996704,0.8614920973777771,-0.14406850934028625,0.9920180439949036
5,0.20833333333333334,0.4446408748626709,0.44901758432388306,-0.10658431798219681,0.9997800588607788,0.4626092314720154,0.5017961859703064,0.1603742241859436,0.9996657371520996,0.3879644572734833,0.48801201581954956,-0.0998472347855568,0.9999638795852661,0.5071771740913391,0.5384854078292847,0.1550406962633133,0.4168882668018341,0.3776322305202484,0.5311905145645142,-0.2990618944168091,0.9934675097465515,0.5730130076408386,0.5339876413345337,0.03835410252213478,0.6406140923500061,0.4409632086753845,0.5375034213066101,-0.46302488446235657,0.9903969168663025,0.5979544520378113,0.532496988773346,0.01761005073785782,0.6220448613166809,0.459637850522995,0.5394006371498108,-0.5088431239128113,0.9822752475738525,0.4424426257610321,0.6407663822174072,0.08571729809045792,0.9985451698303223,0.39590033888816833,0.6391099691390991,-0.08572213351726532,0.9986628890037537,0.4507797956466675,0.7371741533279419,0.07361940294504166,0.8093497157096863,0.3712213337421417,0.7346592545509338,-0.10624880343675613,0.9920161962509155,0.4588285982608795,0.8306806683540344,0.14752505719661713,0.9469402432441711,0.35143256187438965,0.8259321451187134,-0.01775568537414074,0.9949095845222473,0.4476052224636078,0.8497818112373352,0.14672406017780304,0.9269502758979797,0.3449725806713104,0.8373942971229553,-0.016359079629182816,0.9606791734695435,0.5096309185028076,0.8533561825752258,0.04696602746844292,0.9635637998580933,0.3643469512462616,0.8616050481796265,-0.1420392394065857,0.991791844367981
6,0.25,0.4348950982093811,0.4480671286582947,-0.1303521990776062,0.9998019337654114,0.4590167999267578,0.49991104006767273,0.1376998871564865,0.9996949434280396,0.3778023421764374,0.4873978793621063,-0.09930699318647385,0.9999659657478333,0.5082982182502747,0.5309434533119202,0.09377150982618332,0.4725256860256195,0.3622100055217743,0.5255304574966431,-0.30216339230537415,0.9938933253288269,0.5724512934684753,0.5193212032318115,-0.0550280399620533,0.675961971282959,0.41753363609313965,0.5254937410354614,-0.5052911043167114,0.9909848570823669,0.5992354154586792,0.5179304480552673,-0.08048214763402939,0.6585437059402466,0.43517976999282837,0.5255569815635681,-0.5515550374984741,0.9830310940742493,0.438397616147995,0.64063560962677,0.07979494333267212,0.9986703395843506,0.39002615213394165,0.6390920281410217,-0.07984095811843872,0.9987759590148926,0.44995489716529846,0.7372877597808838,0.08011917769908905,0.8241285085678101,0.36544257402420044,0.7348121404647827,-0.09455586969852448,0.9925138354301453,0.4584324061870575,0.8309746384620667,0.14960721135139465,0.9503027200698853,0.35025516152381897,0.8265697956085205,-0.015841664746403694,0.9948464035987854,0.44710487127304077,0.8500949144363403,0.14840643107891083,0.9302153587341309,0.34501057863235474,0.8380184769630432,-0.012720814906060696,0.9561298489570618,0.5099495053291321,0.8533676266670227,0.049720391631126404,0.9652926921844482,0.363566130399704,0.8616935014724731,-0.13359862565994263,0.9914228320121765
7,0.2916666666666667,0.42546769976615906,0.4479382336139679,-0.1726105958223343,0.9998216032981873,0.45733076333999634,0.49945881962776184,0.09462291747331619,0.9997220635414124,0.36692777276039124,0.48757269978523254,-0.10115943104028702,0.9999667406082153,0.5099115371704102,0.5254108905792236,-0.04398344084620476,0.5240529179573059,0.34958988428115845,0.5264653563499451,-0.34230417013168335,0.9943119287490845,0.5705980062484741,0.5059803128242493,-0.2929993271827698,0.7080689072608948,0.397890567779541,0.5106766819953918,-0.567164421081543,0.9915255308151245,0.5954498648643494,0.5028184652328491,-0.33699971437454224,0.6919941902160645,0.4156058728694916,0.5085346102714539,-0.6185876727104187,0.9836761951446533,0.4323301911354065,0.640559196472168,0.07040277123451233,0.9987906813621521,0.3820313811302185,0.6390127539634705,-0.0704420655965805,0.9988813996315002,0.4481108784675598,0.7370142340660095,0.07158634066581726,0.8374885320663452,0.3606802523136139,0.7348598837852478,-0.07715891301631927,0.9929628372192383,0.45815911889076233,0.8310578465461731,0.145065575838089,0.9534772038459778,0.3496010899543762,0.8271348476409912,0.009859856218099594,0.9947575926780701,0.44679543375968933,0.8500759601593018,0.1440962255001068,0.9333388805389404,0.3456583619117737,0.8386039733886719,0.010987979359924793,0.9507881999015808,0.5098949670791626,0.853340208530426,0.036691732704639435,0.9669679999351501,0.3607112467288971,0.8618224263191223,-0.12904463708400726,0.9910438656806946
8,0.33333333333333337,0.40905317664146423,0.4470881223678589,-0.22446483373641968,0.9998389482498169,0.4524761736392975,0.4976019859313965,0.056966934353113174,0.9997331500053406,0.35716256499290466,0.49173256754875183,-0.09152600914239883,0.9999629855155945,0.5152708888053894,0.511768639087677,-0.01940271258354187,0.5700694918632507,0.31281569600105286,0.5267957448959351,-0.2922809422016144,0.9946609139442444,0.5676376223564148,0.4801481068134308,-0.19300948083400726,0.7356935143470764,0.34920766949653625,0.485355406999588,-0.49580398201942444,0.9917107820510864,0.5941770076751709,0.4709537625312805,-0.2241445630788803,0.7174733877182007,0.3581915497779846,0.4757515490055084,-0.5420701503753662,0.9825783371925354,0.4264601171016693,0.6403184533119202,0.0569382980465889,0.9988861083984375,0.3709244728088379,0.6388324499130249,-0.05696265026926994,0.9989736080169678,0.4463025629520416,0.7369081974029541,0.05928630754351616,0.8507418036460876,0.35422223806381226,0.7349592447280884,-0.04552433267235756,0.9933208227157593,0.4581245481967926,0.8310254216194153,0.14935599267482758,0.9569877982139587,0.34920454025268555,0.8272111415863037,0.0772109106183052,0.9947693347930908,0.44680550694465637,0.8501542806625366,0.14957718551158905,0.9370172023773193,0.3466964364051819,0.8385101556777954,0.08131962269544601,0.9464290738105774,0.5096346735954285,0.853333592414856,0.024010252207517624,0.9687925577163696,0.35697829723358154,0.8619147539138794,-0.06317424774169922,0.9908502101898193
9,0.375,0.3972519636154175,0.4467581510543823,-0.25592225790023804,0.9998546242713928,0.44764596223831177,0.49356788396835327,0.013405950739979744,0.9997410178184509,0.34347233176231384,0.4935562014579773,-0.0950184240937233,0.9999608397483826,0.5140818953514099,0.4975822865962982,-0.10803154110908508,0.6121873259544373,0.29863056540489197,0.5217400193214417,-0.2817067503929138,0.9950013160705566,0.5581123232841492,0.45615720748901367,-0.32175329327583313,0.7610218524932861,0.33236491680145264,0.47820383310317993,-0.5020572543144226,0.9919940829277039,0.574731171131134,0.44299745559692383,-0.3634304106235504,0.7416850328445435,0.33355894684791565,0.46625491976737976,-0.5501865744590759,0.9820938110351562,0.42449477314949036,0.6389353275299072,0.044944021850824356,0.9989722967147827,0.3668932616710663,0.6387837529182434,-0.04496702924370766,0.9990613460540771,0.4463184177875519,0.7362253069877625,0.06039164587855339,0.8641125559806824,0.3515246510505676,0.7354224324226379,-0.039144810289144516,0.9937905669212341,0.45870229601860046,0.8300732970237732,0.1686655730009079,0.9604759216308594,0.3495597243309021,0.8285016417503357,0.08176931738853455,0.9949916005134583,0.44753944873809814,0.8489660620689392,0.17045249044895172,0.9408892393112183,0.347100168466568,0.8403065800666809,0.08504825830459595,0.9457088112831116,0.508112370967865,0.8538001179695129,0.04647831246256828,0.970847487449646,0.3585895597934723,0.8620169162750244,-0.05987901613116264,0.991065502166748
10,0.4166666666666667,0.39422738552093506,0.44673317670822144,-0.27002736926078796,0.9998688697814941,0.4438115060329437,0.4920545816421509,0.0065958681516349316,0.9997534155845642,0.3439207077026367,0.4939861595630646,-0.095342718064785,0.9999608397483826,0.5122269988059998,0.4984446167945862,-0.08442128449678421,0.650388777256012,0.2941477298736572,0.5225189924240112,-0.263267457485199,0.9953414797782898,0.5520131587982178,0.4561786949634552,-0.2733062505722046,0.7842263579368591,0.325653076171875,0.47961950302124023,-0.48354265093803406,0.9923684597015381,0.5690747499465942,0.4419245421886444,-0.312018483877182,0.7646368741989136,0.331853449344635,0.46634456515312195,-0.5315574407577515,0.9820296168327332,0.4231318533420563,0.6380860805511475,0.044274210929870605,0.999052882194519,0.365155965089798,0.6387671232223511,-0.04432496055960655,0.9991413950920105,0.44628259539604187,0.7353553175926208,0.06930451840162277,0.8762011528015137,0.3512452244758606,0.7355272769927979,-0.023015988990664482,0.9942000508308411,0.45895957946777344,0.8290812969207764,0.17695051431655884,0.9637026786804199,0.34963637590408325,0.8284338116645813,0.11347296088933945,0.9951840043067932,0.44760414958000183,0.8480493426322937,0.17806853353977203,0.9446369409561157,0.3469586968421936,0.8402477502822876,0.11891420930624008,0.9451638460159302,0.5072255730628967,0.8541006445884705,0.060449592769145966,0.9728448390960693,0.35957571864128113,0.8618932366371155,-0.021743839606642723,0.9912911057472229
11,0.45833333333333337,0.38631755113601685,0.44580596685409546,-0.30050092935562134,0.9998818635940552,0.43688467144966125,0.4871951937675476,-0.030804147943854332,0.999756395816803,0.3331345319747925,0.49449658393859863,-0.11021775752305984,0.9999623894691467,0.5117096900939941,0.4871627688407898,-0.1667904406785965,0.684842050075531,0.27582406997680664,0.5176527500152588,-0.2762998044490814,0.9957624673843384,0.5374536514282227,0.4378267824649811,-0.39224860072135925,0.8050918579101562,0.31007352471351624,0.4698542654514313,-0.5360167622566223,0.9929981827735901,0.5522173643112183,0.4215809404850006,-0.44026511907577515,0.785276472568512,0.32007768750190735,0.45583266019821167,-0.5891544818878174,0.9830983877182007,0.42152589559555054,0.6362982988357544,0.03489014133810997,0.9991291761398315,0.36213627457618713,0.638411283493042,-0.034962136298418045,0.9992172122001648,0.44633254408836365,0.732639491558075,0.052283402532339096,0.8876092433929443,0.3496462106704712,0.735457718372345,-0.021179573610424995,0.9946068525314331,0.46126100420951843,0.8271874189376831,0.17728659510612488,0.9667222499847412,0.34938982129096985,0.8284410834312439,0.12376485764980316,0.9953927993774414,0.45007988810539246,0.844315230846405,0.17981450259685516,0.9481049180030823,0.3469597399234772,0.8406293392181396,0.12935484945774078,0.9454737901687622,0.5070595145225525,0.8540802597999573,0.04592449590563774,0.9747434854507446,0.35965341329574585,0.8616738319396973,-0.018399255350232124,0.9915713667869568
12,0.5,0.38363486528396606,0.44541218876838684,-0.31138211488723755,0.9998935461044312,0.436068594455719,0.4860718250274658,-0.04241595044732094,0.9997653961181641,0.33254095911979675,0.49492573738098145,-0.11295337975025177,0.9999642372131348,0.5105998516082764,0.4859682321548462,-0.16033445298671722,0.7159923315048218,0.2720184922218323,0.5184247493743896,-0.27986055612564087,0.9961422681808472,0.5334661602973938,0.4352390170097351,-0.37346529960632324,0.8241079449653625,0.3051738142967224,0.47123807668685913,-0.512934148311615,0.9935786128044128,0.5479951500892639,0.41893887519836426,-0.41926100850105286,0.8045969605445862,0.31677135825157166,0.4566856920719147,-0.5640583038330078,0.9841049909591675,0.4217565059661865,0.6361461877822876,0.02830924466252327,0.9992008209228516,0.36167624592781067,0.6384702920913696,-0.02838752791285515,0.9992867708206177,0.44676095247268677,0.7323847413063049,0.06232608109712601,0.8981435894966125,0.348664253950119,0.7365227341651917,-0.0010580483358353376,0.9949946403503418,0.4623464047908783,0.8262262940406799,0.1917160302400589,0.9695984721183777,0.3489355146884918,0.8283981084823608,0.15679436922073364,0.9955994486808777,0.45102447271347046,0.8428059220314026,0.19652342796325684,0.9514461755752563,0.34692877531051636,0.8405314087867737,0.16446170210838318,0.945499062538147,0.5068260431289673,0.8541024923324585,0.061151955276727676,0.9766472578048706,0.35879188776016235,0.8616721034049988,0.022588156163692474,0.9918853044509888
13,0.5416666666666667,0.3727121949195862,0.4452795684337616,-0.28633755445480347,0.9999037384986877,0.42913955450057983,0.48342567682266235,-0.03539556264877319,0.9997459650039673,0.32586386799812317,0.4950965344905853,-0.08365083485841751,0.9999617338180542,0.5018287897109985,0.47358545660972595,-0.13785789906978607,0.7437232136726379,0.2635423541069031,0.5170384049415588,-0.23213402926921844,0.9964503049850464,0.5198882818222046,0.4210347831249237,-0.3227994740009308,0.8405191898345947,0.2922269105911255,0.4593883454799652,-0.453946977853775,0.993950366973877,0.5303875207901001,0.40174129605293274,-0.3652089536190033,0.8194047808647156,0.29751262068748474,0.4455576539039612,-0.5056576132774353,0.9842029809951782,0.4193858206272125,0.6357419490814209,0.02108115516602993,0.9992567300796509,0.35958337783813477,0.638454794883728,-0.02114596962928772,0.9993429780006409,0.44730857014656067,0.7312306761741638,0.03806758671998978,0.9076002240180969,0.34787672758102417,0.7365108132362366,0.00276515306904912,0.9952977895736694,0.46430015563964844,0.8238512873649597,0.1845158189535141,0.9720908403396606,0.3488795757293701,0.8283376097679138,0.1737024337053299,0.9957537651062012,0.45228445529937744,0.8394160866737366,0.19067570567131042,0.953808069229126,0.3470001816749573,0.8401497602462769,0.18282733857631683,0.9453600645065308,0.5068225860595703,0.8540850877761841,0.04971671476960182,0.9781991243362427,0.35819220542907715,0.8610541224479675,0.0411812849342823,0.9920936822891235
14,0.5833333333333334,0.364003986120224,0.445543110370636,-0.29462507367134094,0.9999127388000488,0.42029616236686707,0.4814499020576477,-0.06636908650398254,0.999748170375824,0.3193338215351105,0.49546000361442566,-0.08104880899190903,0.9999569654464722,0.48985472321510315,0.4633864164352417,-0.15835513174533844,0.7690667510032654,0.25538119673728943,0.5178744196891785,-0.20949992537498474,0.9967225193977356,0.5029730200767517,0.4044192135334015,-0.31519263982772827,0.8560075759887695,0.27116039395332336,0.45754823088645935,-0.4185265898704529,0.9942491054534912,0.5114849209785461,0.38416945934295654,-0.3567313551902771,0.8352952599525452,0.2719261944293976,0.44420504570007324,-0.4690738022327423,0.9841069579124451,0.41757890582084656,0.6345451474189758,0.009557291865348816,0.9993007779121399,0.3576110601425171,0.6383606195449829,-0.009617354720830917,0.9993879795074463,0.44910216331481934,0.730947732925415,0.02380264364182949,0.916343092918396,0.34729883074760437,0.7370736598968506,-0.0016964245587587357,0.9955565929412842,0.46761757135391235,0.8214935064315796,0.18798129260540009,0.9743406772613525,0.3489990234375,0.8285893797874451,0.17084479331970215,0.9958873391151428,0.4553406536579132,0.8364648818969727,0.19736668467521667,0.9546236395835876,0.34723228216171265,0.840089738368988,0.1804642379283905,0.9447395205497742,0.5068259835243225,0.8541089296340942,0.05858056992292404,0.9795353412628174,0.35853588581085205,0.8611285090446472,0.04035894200205803,0.9922512173652649
15,0.625,0.3620838522911072,0.44556209444999695,-0.2817782759666443,0.9999202489852905,0.4175214171409607,0.4798326790332794,-0.03361289203166962,0.9997338056564331,0.31747791171073914,0.4954822063446045,-0.07511682063341141,0.9999527335166931,0.48560792207717896,0.4608207643032074,-0.10008375346660614,0.7917173504829407,0.2566598355770111,0.5180086493492126,-0.2146529108285904,0.9969490766525269,0.5015361309051514,0.4021328091621399,-0.2172464281320572,0.8697894811630249,0.2693425416946411,0.45845675468444824,-0.43244943022727966,0.9945471882820129,0.5108254551887512,0.38238388299942017,-0.24868984520435333,0.8489787578582764,0.2692992389202118,0.44458240270614624,-0.4829205274581909,0.9842498898506165,0.4164665937423706,0.6329092383384705,0.015685053542256355,0.9993364214897156,0.3568975329399109,0.6379609704017639,-0.01574372872710228,0.9994277358055115,0.4498023986816406,0.7298429608345032,0.03572471812367439,0.924150288105011,0.3474302887916565,0.736057460308075,-0.010019921697676182,0.9957863688468933,0.46943312883377075,0.8211473822593689,0.1810903698205948,0.976429283618927,0.34879621863365173,0.8285799622535706,0.14733712375164032,0.9960353374481201,0.457579106092453,0.836119532585144,0.18759296834468842,0.9563909769058228,0.3473312556743622,0.840045154094696,0.15518946945667267,0.9452052116394043,0.5078403353691101,0.8541015386581421,0.04631316289305687,0.9808070063591003,0.35832440853118896,0.8608129024505615,0.014628124423325062,0.9924567341804504
16,0.6666666666666667,0.3545210063457489,0.44562047719955444,-0.29897651076316833,0.9999264478683472,0.41252401471138,0.47639596462249756,-0.06390184909105301,0.9997226595878601,0.3127356469631195,0.4967321753501892,-0.07798972725868225,0.9999448657035828,0.4784744083881378,0.4500507712364197,-0.11976023018360138,0.8122439384460449,0.2486024796962738,0.5182608366012573,-0.19072486460208893,0.9971674680709839,0.4894988238811493,0.38797327876091003,-0.23674483597278595,0.8822872638702393,0.2562309205532074,0.4628143608570099,-0.39612632989883423,0.9947716593742371,0.49616530537605286,0.3685685396194458,-0.27201882004737854,0.8616155385971069,0.2537381947040558,0.44875332713127136,-0.44654572010040283,0.9840618968009949,0.4166237711906433,0.6313177943229675,0.009328080341219902,0.9993639588356018,0.35659080743789673,0.6368049383163452,-0.009367099963128567,0.9994568228721619,0.45067644119262695,0.7288938760757446,0.030712557956576347,0.9311826229095459,0.3480992615222931,0.7348545789718628,-0.00739871384575963,0.9959807395935059,0.4717857241630554,0.8194340467453003,0.18721553683280945,0.9781850576400757,0.34862643480300903,0.8285582661628723,0.16113890707492828,0.9960983395576477,0.46107834577560425,0.8341444134712219,0.19592520594596863,0.9566077589988708,0.3474271595478058,0.8400245904922485,0.17059989273548126,0.9440377950668335,0.5081930756568909,0.8536328077316284,0.053695689886808395,0.9817501902580261,0.3577883541584015,0.8608018755912781,0.028676042333245277,0.9924984574317932
17,0.7083333333333334,0.3470134139060974,0.4460298418998718,-0.29032161831855774,0.9999285340309143,0.40799152851104736,0.47417670488357544,-0.0682334452867508,0.9996844530105591,0.30970290303230286,0.49854588508605957,-0.057771433144807816,0.9999210834503174,0.47021135687828064,0.44050848484039307,-0.12601204216480255,0.8307538032531738,0.2462860494852066,0.5234532952308655,-0.14083319902420044,0.9973480701446533,0.47253260016441345,0.37622711062431335,-0.2351190596818924,0.8934420347213745,0.248981773853302,0.4629053771495819,-0.31405049562454224,0.9949121475219727,0.47688204050064087,0.3572655916213989,-0.2716061770915985,0.8724234700202942,0.24545177817344666,0.4481799602508545,-0.3604428172111511,0.9834327697753906,0.41647881269454956,0.6300433278083801,0.0013870650436729193,0.9993775486946106,0.356619656085968,0.6363502740859985,-0.0014341453788802028,0.9994685053825378,0.45108160376548767,0.7274671196937561,0.021645022556185722,0.9375280737876892,0.3484254479408264,0.7347179055213928,0.005988717079162598,0.9961123466491699,0.474692165851593,0.8174088597297668,0.19051358103752136,0.979655385017395,0.3481496274471283,0.8279592990875244,0.18415623903274536,0.9961078763008118,0.4648847281932831,0.831853985786438,0.20089827477931976,0.9553672671318054,0.3474648892879486,0.8396377563476562,0.19519101083278656,0.942812442779541,0.5084592700004578,0.8531121015548706,0.05549297109246254,0.9823697805404663,0.3569183647632599,0.8602782487869263,0.05759448930621147,0.992412805557251
18,0.75,0.3472401201725006,0.4460792541503906,-0.287326455116272,0.9999288320541382,0.4075697064399719,0.47272685170173645,-0.06956164538860321,0.999642550945282,0.310371071100235,0.4986168444156647,-0.0577627457678318,0.9998879432678223,0.46909406781196594,0.4388269782066345,-0.1301569938659668,0.8473694324493408,0.24641244113445282,0.525455892086029,-0.14618559181690216,0.9974504113197327,0.470977246761322,0.3758166432380676,-0.239776611328125,0.9034390449523926,0.24860012531280518,0.4639483094215393,-0.3235733211040497,0.9947326183319092,0.47641250491142273,0.3568463623523712,-0.2753842771053314,0.8821146488189697,0.24539519846439362,0.4489763379096985,-0.3698139488697052,0.9815403819084167,0.4158683121204376,0.6296706199645996,0.001618012203834951,0.9993830323219299,0.3566571772098541,0.6362345218658447,-0.0016526255058124661,0.9994722008705139,0.4511958956718445,0.72663414478302,0.021787073463201523,0.9430545568466187,0.3482608199119568,0.7347294092178345,0.007061368320137262,0.9961590766906738,0.47539597749710083,0.816506028175354,0.19322152435779572,0.9808071851730347,0.34728994965553284,0.8276585340499878,0.18334731459617615,0.995960533618927,0.46676015853881836,0.8301054835319519,0.203675776720047,0.953162431716919,0.3473473787307739,0.8394098877906799,0.1940767616033554,0.9396053552627563,0.5082946419715881,0.8524869084358215,0.05694408342242241,0.9826167225837708,0.3569062650203705,0.8602704405784607,0.05551113933324814,0.9920324683189392
19,0.7916666666666667,0.3415795862674713,0.44610223174095154,-0.29926809668540955,0.999928891658783,0.40365171432495117,0.4723953604698181,-0.08984075486660004,0.9996107220649719,0.30944281816482544,0.500846803188324,-0.06784853339195251,0.9998379945755005,0.4629167318344116,0.43482550978660583,-0.1710445135831833,0.8622917532920837,0.24660462141036987,0.5328846573829651,-0.17559899389743805,0.9974513649940491,0.45728302001953125,0.3719170093536377,-0.27906277775764465,0.9122372269630432,0.24279093742370605,0.46783992648124695,-0.3699111342430115,0.9944171905517578,0.4581301212310791,0.35218575596809387,-0.3152011036872864,0.8898326754570007,0.23836570978164673,0.45478355884552,-0.4180290400981903,0.9796196222305298,0.41564077138900757,0.628959596157074,0.0010995009215548635,0.9994045495986938,0.35658520460128784,0.6358662247657776,-0.0011886809952557087,0.9994800686836243,0.45184096693992615,0.7265235185623169,0.011467506177723408,0.9481651186943054,0.3486577868461609,0.7347291707992554,0.012885917909443378,0.9961835741996765,0.47649091482162476,0.8148638606071472,0.2248414307832718,0.9817886352539062,0.3467610776424408,0.8274754881858826,0.2221931517124176,0.9957649111747742,0.4683067500591278,0.8281522989273071,0.2395450323820114,0.948950469493866,0.34701085090637207,0.8392873406410217,0.23658928275108337,0.9347915053367615,0.5081910490989685,0.8520985245704651,0.09513118863105774,0.9827476143836975,0.35709714889526367,0.8602489829063416,0.09620324522256851,0.9916106462478638
20,0.8333333333333334,0.3436143696308136,0.4463924467563629,-0.3010396361351013,0.9999273419380188,0.4029213786125183,0.4719356894493103,-0.0750412791967392,0.9995953440666199,0.3098682165145874,0.5016118884086609,-0.06804707646369934,0.9998043775558472,0.4622977674007416,0.43346965312957764,-0.14017353951931,0.87575364112854,0.2481401413679123,0.5353357791900635,-0.18382978439331055,0.9974357485771179,0.4555448293685913,0.36932173371315,-0.2531488239765167,0.9203773736953735,0.2421085089445114,0.46998894214630127,-0.3936099410057068,0.994290292263031,0.4560182988643646,0.34950459003448486,-0.2852887809276581,0.8978438973426819,0.2380073517560959,0.4576367735862732,-0.4470902979373932,0.9786761999130249,0.41559144854545593,0.6289076209068298,0.0018064522882923484,0.9994262456893921,0.3567558825016022,0.6358519792556763,-0.0018843328580260277,0.9994902610778809,0.4523255228996277,0.7263604998588562,0.011090735904872417,0.9528759717941284,0.3483702838420868,0.7348689436912537,0.008275913074612617,0.9961849451065063,0.47686079144477844,0.8142505288124084,0.21953800320625305,0.9828156232833862,0.34662750363349915,0.8277416825294495,0.20784340798854828,0.9956474304199219,0.46953415870666504,0.827336311340332,0.2324889749288559,0.9464125037193298,0.34727397561073303,0.8394644856452942,0.22104065120220184,0.9323897957801819,0.5077572464942932,0.8516952395439148,0.08929473906755447,0.9830781817436218,0.3569251298904419,0.8602675795555115,0.07869867980480194,0.9913520216941833
21,0.875,0.3429858386516571,0.44628214836120605,-0.29540538787841797,0.9999278783798218,0.4001215696334839,0.47069278359413147,-0.07400428503751755,0.9995914101600647,0.3090106248855591,0.5042025446891785,-0.06438768655061722,0.9997642040252686,0.4516083300113678,0.42668068408966064,-0.09579218178987503,0.8878461122512817,0.24957920610904694,0.5397650599479675,-0.19210022687911987,0.9973770976066589,0.4558219313621521,0.36108893156051636,-0.17569075524806976,0.9279490113258362,0.2404911071062088,0.4759252369403839,-0.4366547167301178,0.9942423701286316,0.45799288153648376,0.34205445647239685,-0.2051233947277069,0.9062637686729431,0.23381565511226654,0.4635850787162781,-0.4907800257205963,0.978270947933197,0.41567710041999817,0.6286112666130066,0.006302624009549618,0.9994563460350037,0.35688620805740356,0.6358134746551514,-0.006380483508110046,0.999503493309021,0.4529397487640381,0.7262054681777954,0.01243825163692236,0.957008957862854,0.34852245450019836,0.7351850867271423,0.004076847806572914,0.9960227608680725,0.47793546319007874,0.8131294250488281,0.22667735815048218,0.9835538864135742,0.3464767634868622,0.8277714252471924,0.19794882833957672,0.9953793883323669,0.4709619879722595,0.8256106972694397,0.24038982391357422,0.9437017440795898,0.34717655181884766,0.8397025465965271,0.21169689297676086,0.9279671311378479,0.5078643560409546,0.851527214050293,0.09664774686098099,0.9831052422523499,0.3572019636631012,0.8602774739265442,0.06671233475208282,0.990856409072876
22,0.9166666666666667,0.3388601243495941,0.44686248898506165,-0.26385995745658875,0.9999288320541382,0.3973912000656128,0.4704204201698303,-0.04508041590452194,0.9995794296264648,0.30835187435150146,0.5056594610214233,-0.04187775403261185,0.999747633934021,0.4444952607154846,0.4257916212081909,-0.06562994420528412,0.8986623287200928,0.2499537318944931,0.54243004322052,-0.18561230599880219,0.9973543286323547,0.45605018734931946,0.36011746525764465,-0.1361527442932129,0.9347475171089172,0.24079033732414246,0.48214879631996155,-0.436687707901001,0.9943467378616333,0.4624873399734497,0.34153223037719727,-0.16427332162857056,0.9139477610588074,0.23407261073589325,0.46986863017082214,-0.4915127456188202,0.9784917831420898,0.4156204164028168,0.6285287737846375,0.00549774756655097,0.999481737613678,0.35703787207603455,0.6357408761978149,-0.005574080161750317,0.999517560005188,0.45387688279151917,0.7261432409286499,0.005999668966978788,0.9608202576637268,0.34849369525909424,0.7352851629257202,0.0004311627126298845,0.9959611296653748,0.47861582040786743,0.8128764033317566,0.22354306280612946,0.9842918515205383,0.34651079773902893,0.8279009461402893,0.18740960955619812,0.9952340126037598,0.47179123759269714,0.8252418637275696,0.2326470911502838,0.9413769245147705,0.34757253527641296,0.8400371074676514,0.2000291496515274,0.9260086417198181,0.5078510642051697,0.8515207767486572,0.09213961660861969,0.9832223057746887,0.35726282000541687,0.8603106141090393,0.056977491825819016,0.9905964732170105
23,0.9583333333333334,0.33876273036003113,0.4472337067127228,-0.2647612392902374,0.9999309778213501,0.3962174654006958,0.47012150287628174,-0.044484931975603104,0.9995667934417725,0.3080071806907654,0.5075106024742126,-0.05408871918916702,0.9997324347496033,0.44084402918815613,0.42322468757629395,-0.06960532814264297,0.9083354473114014,0.25020670890808105,0.5448991656303406,-0.2253607213497162,0.9973429441452026,0.457364022731781,0.3574616312980652,-0.14300751686096191,0.9409263134002686,0.24219688773155212,0.4860202372074127,-0.5056849718093872,0.9945255517959595,0.4656057059764862,0.33991575241088867,-0.16918645799160004,0.9211529493331909,0.235310897231102,0.4728187620639801,-0.5621865391731262,0.9791246056556702,0.4156854450702667,0.6285243034362793,0.0064782570116221905,0.9995068311691284,0.3573369085788727,0.635738730430603,-0.006580952554941177,0.9995335936546326,0.45526984333992004,0.7260954976081848,0.007338834926486015,0.9642030000686646,0.34869149327278137,0.7354597449302673,-0.0022734971717000008,0.9958758354187012,0.4796028137207031,0.812494158744812,0.2274099439382553,0.9848519563674927,0.34664440155029297,0.8281316757202148,0.19294291734695435,0.9950211048126221,0.4730473458766937,0.8247267603874207,0.240402951836586,0.9381365180015564,0.3483991026878357,0.8402810096740723,0.20703421533107758,0.923204779624939,0.5078821182250977,0.8514958024024963,0.0995219275355339,0.9831591248512268,0.35741958022117615,0.8603206276893616,0.0634913444519043,0.9902177453041077
24,1.0,0.3396361768245697,0.4475293755531311,-0.2708169221878052,0.9999327063560486,0.3953695595264435,0.4693358242511749,-0.04397491738200188,0.9995447993278503,0.3076477646827698,0.5086604356765747,-0.06939185410737991,0.9997175931930542,0.44039976596832275,0.4221121072769165,-0.061956632882356644,0.9169487357139587,0.2496112883090973,0.5451570749282837,-0.25869277119636536,0.9973298907279968,0.4590660631656647,0.3570196032524109,-0.13175137341022491,0.9464300274848938,0.24172550439834595,0.48594823479652405,-0.5410980582237244,0.9946779608726501,0.4664706587791443,0.33996695280075073,-0.15440303087234497,0.9274281859397888,0.23387476801872253,0.47281548380851746,-0.5963705778121948,0.9796788096427917,0.41598817706108093,0.6284868121147156,0.0072366525419056416,0.9995320439338684,0.35755735635757446,0.635741651058197,-0.0072949910536408424,0.9995519518852234,0.4566415548324585,0.7261452674865723,0.011402289383113384,0.9671642184257507,0.34883829951286316,0.7355867028236389,-0.0034920196048915386,0.995743453502655,0.48075544834136963,0.8125436305999756,0.2233705073595047,0.9854074120521545,0.3466680347919464,0.8280754089355469,0.1923244595527649,0.9947959780693054,0.474384069442749,0.8248909115791321,0.23552268743515015,0.9364092946052551,0.34898850321769714,0.8402025103569031,0.20618945360183716,0.9209024906158447,0.5081814527511597,0.8514770269393921,0.09500931203365326,0.9831653833389282,0.35720640420913696,0.859789252281189,0.06359626352787018,0.9898442029953003
25,1.0416666666666667,0.34132951498031616,0.44771698117256165,-0.2915918529033661,0.9999347925186157,0.3958800435066223,0.4686484932899475,-0.049189116805791855,0.9995220899581909,0.3083778917789459,0.5089579820632935,-0.08798007667064667,0.9996927976608276,0.4425240457057953,0.42164409160614014,-0.05907329544425011,0.924736738204956,0.2504636347293854,0.5444959998130798,-0.2544298768043518,0.9973307251930237,0.462623655796051,0.3573918640613556,-0.12660595774650574,0.9513891339302063,0.2409558892250061,0.48573893308639526,-0.5157127976417542,0.9947726726531982,0.470163494348526,0.33954134583473206,-0.14835578203201294,0.9330674409866333,0.23392727971076965,0.4725806415081024,-0.5683744549751282,0.9799225330352783,0.41686922311782837,0.6283992528915405,0.008911149576306343,0.9995582103729248,0.35889309644699097,0.6358263492584229,-0.009028999134898186,0.9995704293251038,0.45832130312919617,0.7254366278648376,0.007693046238273382,0.9698873162269592,0.34905725717544556,0.7356311082839966,-0.007684954442083836,0.995743989944458,0.4803135097026825,0.8112690448760986,0.2212667018175125,0.9860548973083496,0.34668540954589844,0.8278258442878723,0.18838433921337128,0.9947673082351685,0.4734424650669098,0.8242151737213135,0.23481829464435577,0.936764121055603,0.34948450326919556,0.8397902846336365,0.20154671370983124,0.9206656217575073,0.5083151459693909,0.851319432258606,0.09249650686979294,0.9834619760513306,0.3568013906478882,0.8591938614845276,0.05962393060326576,0.9898292422294617
26,1.0833333333333335,0.342022567987442,0.44791460037231445,-0.29683223366737366,0.999936580657959,0.39593175053596497,0.46837371587753296,-0.04804927110671997,0.9995068311691284,0.3086194396018982,0.5089932084083557,-0.09414071589708328,0.9996768832206726,0.4433702826499939,0.4220786988735199,-0.053294409066438675,0.9317265152931213,0.25113072991371155,0.5441102385520935,-0.26108184456825256,0.9973496794700623,0.464189738035202,0.3575431704521179,-0.1253269463777542,0.9558826684951782,0.24125319719314575,0.48535507917404175,-0.5282109379768372,0.9949352145195007,0.4720200300216675,0.3393786549568176,-0.1471593976020813,0.9382713437080383,0.2344169318675995,0.47235649824142456,-0.5813905000686646,0.9804524183273315,0.4174971878528595,0.6283432245254517,0.012248057872056961,0.9995823502540588,0.35995572805404663,0.6359143853187561,-0.012402594089508057,0.9995878338813782,0.459129273891449,0.7250779271125793,0.006878719665110111,0.972292423248291,0.3494797646999359,0.7356846928596497,-0.013425731100142002,0.9956961274147034,0.4802221655845642,0.8108869194984436,0.21570682525634766,0.9866211414337158,0.3466982841491699,0.8277409076690674,0.18669478595256805,0.9946902990341187,0.47285276651382446,0.8239575028419495,0.22874289751052856,0.9371878504753113,0.3495124280452728,0.8397434949874878,0.1992081254720688,0.9197185039520264,0.5087991952896118,0.8513243198394775,0.08566345274448395,0.9837214350700378,0.3567892909049988,0.8588292598724365,0.05792279168963432,0.9897415637969971
27,1.125,0.3422025442123413,0.4479488730430603,-0.29272058606147766,0.9999386072158813,0.396903932094574,0.468024879693985,-0.04015643149614334,0.99949049949646,0.30921870470046997,0.5087702870368958,-0.0991085022687912,0.9996620416641235,0.44505682587623596,0.42120254039764404,-0.041411589831113815,0.9379175901412964,0.25193509459495544,0.5441835522651672,-0.2861298620700836,0.9973833560943604,0.4659884572029114,0.3576352894306183,-0.11457071453332901,0.9599276185035706,0.24448145925998688,0.48503968119621277,-0.557452917098999,0.9950608611106873,0.4748830497264862,0.33982449769973755,-0.13559500873088837,0.943016767501831,0.2380642592906952,0.4714689552783966,-0.6117027401924133,0.9808483123779297,0.41843268275260925,0.6283847093582153,0.018666867166757584,0.9996082186698914,0.3616352081298828,0.6360058188438416,-0.018841994926333427,0.9996079206466675,0.4611015319824219,0.724804162979126,0.008388151414692402,0.9745487570762634,0.3502882421016693,0.7354389429092407,-0.01946978084743023,0.9958128929138184,0.48013994097709656,0.8106524348258972,0.21508990228176117,0.9873412847518921,0.3469395041465759,0.8277232646942139,0.17816585302352905,0.9948276281356812,0.471454918384552,0.823816180229187,0.22759808599948883,0.9394702315330505,0.3497425615787506,0.8397200107574463,0.19123417139053345,0.9211063385009766,0.5088454484939575,0.8513308763504028,0.0865514799952507,0.9843173027038574,0.3568382263183594,0.8588363528251648,0.050120092928409576,0.9899820685386658
28,1.1666666666666667,0.3423263430595398,0.44811874628067017,-0.293426513671875,0.9999397993087769,0.3974301517009735,0.46779900789260864,-0.03912815451622009,0.999473512172699,0.30962932109832764,0.5085917115211487,-0.10138989984989166,0.9996455907821655,0.445578008890152,0.4210464060306549,-0.0431697703897953,0.9435020089149475,0.2523669898509979,0.5442143082618713,-0.28929799795150757,0.9974077343940735,0.46729278564453125,0.35746675729751587,-0.11917039752006531,0.9635785222053528,0.2462531328201294,0.4848347008228302,-0.5626895427703857,0.9951797127723694,0.4769028425216675,0.3397418260574341,-0.14094160497188568,0.9473227262496948,0.2401908040046692,0.4706357717514038,-0.617554783821106,0.9812360405921936,0.41913291811943054,0.62839674949646,0.02054942399263382,0.9996303915977478,0.3626255393028259,0.6360345482826233,-0.02072189934551716,0.9996247887611389,0.4620719254016876,0.7246785759925842,0.00706738093867898,0.9766114354133606,0.3507544696331024,0.7353851199150085,-0.02475265972316265,0.9959225654602051,0.48001807928085327,0.8105105757713318,0.21503329277038574,0.9879873394966125,0.34717243909835815,0.8277252316474915,0.17249031364917755,0.9949560761451721,0.4702945053577423,0.8237403035163879,0.2273206263780594,0.9414412975311279,0.3500401973724365,0.8397154808044434,0.18570557236671448,0.9224043488502502,0.5088496804237366,0.8513424396514893,0.0875639095902443,0.9848393797874451,0.356881320476532,0.8588510155677795,0.04321020841598511,0.9902129769325256
29,1.2083333333333335,0.3482106328010559,0.44979068636894226,-0.2698591947555542,0.999943196773529,0.39793145656585693,0.46777814626693726,0.0016941127832978964,0.9994485378265381,0.31276533007621765,0.5085794925689697,-0.0990949347615242,0.999648928642273,0.44736382365226746,0.4216487407684326,0.012259536422789097,0.9480825662612915,0.25456729531288147,0.5439023375511169,-0.28054574131965637,0.9974731206893921,0.4796593487262726,0.3599962890148163,-0.05276842042803764,0.9666909575462341,0.2485048770904541,0.4828845262527466,-0.5455594658851624,0.9953619241714478,0.49258193373680115,0.3425530195236206,-0.07018931955099106,0.9507344961166382,0.24581530690193176,0.4678294360637665,-0.598395049571991,0.98184734582901,0.4207846224308014,0.628805935382843,0.031213775277137756,0.9996533989906311,0.36540716886520386,0.6368834972381592,-0.03136594593524933,0.9996452331542969,0.4651646316051483,0.7245292663574219,0.009302589111030102,0.978295087814331,0.3530789315700531,0.7353928685188293,-0.024531248956918716,0.9960612654685974,0.47858163714408875,0.8107139468193054,0.18540729582309723,0.9885847568511963,0.3475525379180908,0.8277240991592407,0.15459194779396057,0.9951128363609314,0.4662521481513977,0.824971616268158,0.192974254488945,0.944484531879425,0.3503587245941162,0.8397252559661865,0.16581586003303528,0.9248745441436768,0.5088616609573364,0.8515071272850037,0.06181956082582474,0.9854434132575989,0.35762083530426025,0.8588305711746216,0.029918590560555458,0.9905074834823608
30,1.25,0.35594987869262695,0.450592964887619,-0.26550790667533875,0.9999467730522156,0.39998021721839905,0.46790745854377747,0.016437796875834465,0.9994326829910278,0.31675904989242554,0.5092014074325562,-0.10319851338863373,0.9996594786643982,0.4522032141685486,0.4221276640892029,0.03077045828104019,0.9522901177406311,0.25819066166877747,0.5437020063400269,-0.3090982437133789,0.9975702166557312,0.49200376868247986,0.361392080783844,-0.042872507125139236,0.9696208238601685,0.2500006854534149,0.4829545319080353,-0.5807512998580933,0.9956173896789551,0.5046491026878357,0.3437712490558624,-0.06102427467703819,0.9542641639709473,0.24743430316448212,0.46786507964134216,-0.6353217363357544,0.9827902317047119,0.42359659075737,0.6294737458229065,0.04053807631134987,0.9996733665466309,0.36950549483299255,0.637548565864563,-0.04066319018602371,0.9996629953384399,0.46730825304985046,0.7238373756408691,0.0125559838488698,0.9798428416252136,0.35523325204849243,0.7355469465255737,-0.02345585636794567,0.9962257146835327,0.47598084807395935,0.8115790486335754,0.16102565824985504,0.9891923069953918,0.34802156686782837,0.827821671962738,0.14044706523418427,0.9952864050865173,0.4626457989215851,0.8276280760765076,0.16586938500404358,0.9480506181716919,0.35079464316368103,0.839874267578125,0.14959104359149933,0.9278115630149841,0.5088040232658386,0.8515881299972534,0.03651231527328491,0.9861537218093872,0.35808065533638,0.8588380813598633,0.015853537246584892,0.9908074736595154
31,1.2916666666666667,0.36378228664398193,0.4505757987499237,-0.26789095997810364,0.9999508857727051,0.40718725323677063,0.4679896831512451,0.03974944353103638,0.9994402527809143,0.3236369788646698,0.5094136595726013,-0.11188279837369919,0.9996770024299622,0.46614861488342285,0.4229121804237366,0.06158994883298874,0.9562596082687378,0.26429128646850586,0.5431198477745056,-0.3219441771507263,0.9977028965950012,0.5148336291313171,0.3696291744709015,-0.016972510144114494,0.9723227024078369,0.25624725222587585,0.4807915985584259,-0.5813954472541809,0.9959110021591187,0.5283240079879761,0.3524293899536133,-0.033560119569301605,0.9576089978218079,0.25415438413619995,0.4656620919704437,-0.6343194842338562,0.9838473796844482,0.4274294376373291,0.6306740045547485,0.05542824789881706,0.9996916651725769,0.3751818537712097,0.6382954120635986,-0.055534765124320984,0.9996777772903442,0.4699508547782898,0.7238675355911255,0.035845812410116196,0.9807361364364624,0.35836416482925415,0.735577404499054,-0.022800708189606667,0.9963588118553162,0.4698554277420044,0.8177846074104309,0.14155203104019165,0.989569902420044,0.3484634459018707,0.82804274559021,0.123629629611969,0.9954202771186829,0.45684295892715454,0.8354732990264893,0.1423083394765854,0.9514171481132507,0.3507443070411682,0.8406805396080017,0.1307840198278427,0.9310038685798645,0.5092328786849976,0.8521636128425598,0.017542390152812004,0.986702561378479,0.35888081789016724,0.8586463332176208,0.0015822804998606443,0.9910666346549988
32,1.3333333333333335,0.36846205592155457,0.4506855309009552,-0.26939165592193604,0.9999544620513916,0.40985801815986633,0.4680996835231781,0.04857954755425453,0.999448299407959,0.3264252841472626,0.5093780755996704,-0.12397345155477524,0.9996950626373291,0.4693887531757355,0.4246956408023834,0.07936026155948639,0.9597024917602539,0.268354207277298,0.5421351194381714,-0.3403535783290863,0.9978233575820923,0.5182759761810303,0.3736102283000946,0.010676122270524502,0.974748969078064,0.25892770290374756,0.47892624139785767,-0.5956118106842041,0.9961932897567749,0.5311933755874634,0.35610461235046387,-0.00288163754157722,0.9606263637542725,0.2568068206310272,0.46374812722206116,-0.647699236869812,0.9848988652229309,0.42943161725997925,0.6310768723487854,0.0627477690577507,0.999710202217102,0.37810400128364563,0.6383228898048401,-0.06288111954927444,0.9996935129165649,0.4711001515388489,0.7239008545875549,0.053782928735017776,0.9815641641616821,0.35983389616012573,0.7355248928070068,-0.022295767441391945,0.996463418006897,0.4675954580307007,0.8203732967376709,0.15458564460277557,0.989973783493042,0.34862351417541504,0.8278579711914062,0.12413438409566879,0.9955460429191589,0.45499467849731445,0.8381260633468628,0.15610985457897186,0.9546459317207336,0.3504425585269928,0.8406471014022827,0.13181424140930176,0.9341089129447937,0.5094748139381409,0.8525838255882263,0.03291060030460358,0.9872643351554871,0.3589684069156647,0.8584231734275818,0.004587829578667879,0.991330623626709
33,1.375,0.3743402659893036,0.4511675536632538,-0.28916457295417786,0.9999585151672363,0.41769179701805115,0.4695515036582947,0.04466754570603371,0.9994896650314331,0.33082956075668335,0.5097547769546509,-0.1368904858827591,0.999717116355896,0.4863417148590088,0.43312451243400574,0.07057380676269531,0.9633677005767822,0.2684633433818817,0.5413145422935486,-0.343070924282074,0.9979935884475708,0.543207585811615,0.38800403475761414,-0.02756323292851448,0.9771122932434082,0.26684901118278503,0.4775252044200897,-0.5899183750152588,0.9964969158172607,0.5593094229698181,0.37262845039367676,-0.047449223697185516,0.9639036655426025,0.2652079164981842,0.46234554052352905,-0.644038200378418,0.9859977960586548,0.43343520164489746,0.6325069069862366,0.06880384683609009,0.9997309446334839,0.3831739127635956,0.6392520666122437,-0.06890431046485901,0.9997100234031677,0.4732533097267151,0.7245475649833679,0.045895375311374664,0.9822583198547363,0.3629668653011322,0.7356384992599487,-0.0210457481443882,0.9966015219688416,0.46404707431793213,0.8232373595237732,0.12996916472911835,0.9903459548950195,0.34932392835617065,0.8275760412216187,0.12483728677034378,0.9956847429275513,0.45174065232276917,0.8422466516494751,0.12968921661376953,0.9576883316040039,0.3498980402946472,0.8404996991157532,0.13219013810157776,0.9373518228530884,0.5095118284225464,0.8530251383781433,0.005671517923474312,0.9878736138343811,0.3591579496860504,0.8583955764770508,0.0056556155905127525,0.9916326403617859
34,1.4166666666666667,0.38538870215415955,0.4511825442314148,-0.28769588470458984,0.9999621510505676,0.4264872670173645,0.4758431613445282,0.05107149854302406,0.9995283484458923,0.3356257975101471,0.5099190473556519,-0.14363645017147064,0.999734103679657,0.5000407099723816,0.450032502412796,0.07945739477872849,0.96666419506073,0.27269601821899414,0.5342957377433777,-0.33071252703666687,0.9981294870376587,0.5644625425338745,0.4162195324897766,-0.030113497748970985,0.9791770577430725,0.2814502418041229,0.4731101989746094,-0.5459931492805481,0.996699333190918,0.5803340673446655,0.4049641788005829,-0.049558427184820175,0.9665690064430237,0.28145575523376465,0.458251029253006,-0.5947676301002502,0.9866588115692139,0.44092613458633423,0.6365772485733032,0.07488654553890228,0.9997475147247314,0.39316439628601074,0.6428147554397583,-0.07498548179864883,0.9997220635414124,0.4783625602722168,0.726643979549408,0.05291253328323364,0.982352077960968,0.36904555559158325,0.7366803288459778,-0.022649148479104042,0.996759831905365,0.46181899309158325,0.8249908685684204,0.14296334981918335,0.9905796647071838,0.3498973250389099,0.8275412917137146,0.11983377486467361,0.9958314895629883,0.4493243396282196,0.8441808223724365,0.1442430317401886,0.9603357315063477,0.3481995165348053,0.8404892683029175,0.1273183822631836,0.9402310848236084,0.5081692337989807,0.8531626462936401,0.022670138627290726,0.9883425831794739,0.3596990704536438,0.8584290146827698,0.003207647940143943,0.9919286966323853
35,1.4583333333333335,0.38864704966545105,0.451262891292572,-0.2861212491989136,0.9999656677246094,0.4306202530860901,0.4787450432777405,0.057349950075149536,0.9995663166046143,0.3378070592880249,0.5106213092803955,-0.1412132829427719,0.9997509717941284,0.505181074142456,0.45260998606681824,0.08823094516992569,0.9697133302688599,0.2727273106575012,0.531532347202301,-0.33100762963294983,0.9982714056968689,0.5678601861000061,0.41889822483062744,-0.012140683829784393,0.9811108708381653,0.2818624675273895,0.4674953520298004,-0.5231329798698425,0.9969034790992737,0.5833171606063843,0.40647077560424805,-0.02859693579375744,0.9692654013633728,0.2839530408382416,0.4515332877635956,-0.5704802870750427,0.9872806668281555,0.443013995885849,0.6377472877502441,0.07538339495658875,0.9997653961181641,0.3932654559612274,0.6429402828216553,-0.07552561908960342,0.9997364282608032,0.4785034954547882,0.728104829788208,0.04787558317184448,0.9824825525283813,0.37061452865600586,0.7366566061973572,-0.025326501578092575,0.9969263672828674,0.46009668707847595,0.8256285190582275,0.13123004138469696,0.9909093976020813,0.3501153588294983,0.8274770379066467,0.11110368371009827,0.9960228204727173,0.44697707891464233,0.844808042049408,0.1316399872303009,0.9628572463989258,0.34678417444229126,0.8404389023780823,0.11827365309000015,0.9431655406951904,0.506100058555603,0.8532273173332214,0.012714560143649578,0.9888870120048523,0.3603225350379944,0.8587658405303955,-0.00475397938862443,0.992311954498291
36,1.5,0.4009753465652466,0.45082807540893555,-0.2812153100967407,0.9999687075614929,0.4442104995250702,0.482880562543869,0.05567489564418793,0.9996000528335571,0.34953832626342773,0.5106481909751892,-0.13681136071681976,0.9997661113739014,0.5197863578796387,0.47559770941734314,0.08545241504907608,0.9722647070884705,0.2822672724723816,0.5264238715171814,-0.3288405239582062,0.9983786940574646,0.5838590860366821,0.44758152961730957,-0.01865840144455433,0.9827069640159607,0.2917855679988861,0.4638839364051819,-0.5219294428825378,0.9969974160194397,0.6019773483276367,0.4386700391769409,-0.03526688367128372,0.971198320388794,0.2944308817386627,0.4499596059322357,-0.5700497031211853,0.9874874353408813,0.4519791603088379,0.6410308480262756,0.0777168869972229,0.9997774362564087,0.40420299768447876,0.6445979475975037,-0.07791199535131454,0.999746561050415,0.48399290442466736,0.730120837688446,0.07468731701374054,0.9815491437911987,0.3794192671775818,0.7373290061950684,-0.045256130397319794,0.9970951676368713,0.4602762460708618,0.8262159824371338,0.1751546561717987,0.9910711646080017,0.3506515324115753,0.8274827003479004,0.07292074710130692,0.9961991310119629,0.4474358558654785,0.8450052738189697,0.17738553881645203,0.9647666215896606,0.34650319814682007,0.8405473232269287,0.07863038778305054,0.9455615282058716,0.5046393275260925,0.8532270789146423,0.06857199966907501,0.9892358779907227,0.3603910803794861,0.8593539595603943,-0.04265797510743141,0.9926480650901794
37,1.5416666666666667,0.41243764758110046,0.4510195553302765,-0.2822690010070801,0.9999713897705078,0.4598434269428253,0.48862922191619873,0.04978577047586441,0.9996311068534851,0.36120277643203735,0.510270357131958,-0.13889630138874054,0.9997806549072266,0.529168426990509,0.49671435356140137,0.08854206651449203,0.974189043045044,0.2957656681537628,0.516664445400238,-0.3343179523944855,0.9984691739082336,0.5967850089073181,0.4811020791530609,-0.019545936957001686,0.9840332269668579,0.30122479796409607,0.45856010913848877,-0.5327381491661072,0.9970759749412537,0.6193366050720215,0.47404175996780396,-0.03821253776550293,0.9727737903594971,0.30312609672546387,0.44544169306755066,-0.5861371159553528,0.987737238407135,0.4638231694698334,0.6427506804466248,0.07725084573030472,0.9997847676277161,0.4144960939884186,0.6459640264511108,-0.07742428779602051,0.9997566342353821,0.4892682433128357,0.7342751622200012,0.11983415484428406,0.9795305132865906,0.3907375931739807,0.7376626133918762,-0.07351934909820557,0.9972423911094666,0.4596014618873596,0.8276597857475281,0.2674848437309265,0.9910140633583069,0.3525477945804596,0.8260239362716675,0.047757845371961594,0.9963607788085938,0.4470582604408264,0.845406174659729,0.2746180295944214,0.9661245942115784,0.34653398394584656,0.8373582363128662,0.054000064730644226,0.9479102492332458,0.5038430690765381,0.8537399172782898,0.16920611262321472,0.9893158078193665,0.36134523153305054,0.860270619392395,-0.07162459939718246,0.9929646253585815
38,1.5833333333333335,0.4148634374141693,0.4510159492492676,-0.2785160541534424,0.9999740719795227,0.46229782700538635,0.49123886227607727,0.05270775780081749,0.9996610283851624,0.36491143703460693,0.5099221467971802,-0.13614262640476227,0.9997965097427368,0.533842921257019,0.49806463718414307,0.08906196057796478,0.9760971069335938,0.29858726263046265,0.5130339860916138,-0.3427363336086273,0.9985726475715637,0.6007290482521057,0.48121410608291626,-0.016379931941628456,0.985355019569397,0.3018913269042969,0.45448607206344604,-0.5490401983261108,0.997220516204834,0.6228170990943909,0.4732509255409241,-0.03396715968847275,0.9745384454727173,0.3047376275062561,0.44487282633781433,-0.6042914390563965,0.9882360100746155,0.46523651480674744,0.6438800096511841,0.07651612907648087,0.9997971057891846,0.41742804646492004,0.6468421220779419,-0.07669331133365631,0.9997707605361938,0.4888056814670563,0.7345964312553406,0.11935974657535553,0.9779067635536194,0.3941642940044403,0.7374263405799866,-0.05709344148635864,0.9973580837249756,0.4592951238155365,0.8286592364311218,0.25355586409568787,0.9909007549285889,0.35318419337272644,0.8243942260742188,0.07366803288459778,0.9964770078659058,0.44587644934654236,0.845623254776001,0.2596533000469208,0.9673998355865479,0.34657397866249084,0.8343209028244019,0.0808582603931427,0.9496563076972961,0.5036749243736267,0.8541715741157532,0.15557943284511566,0.9893822073936462,0.3613356053829193,0.8605716228485107,-0.0414649061858654,0.9931824803352356
39,1.625,0.4254186451435089,0.44959357380867004,-0.23297707736492157,0.9999763369560242,0.4664340317249298,0.4948035776615143,0.09184491634368896,0.9996876120567322,0.3774256110191345,0.5036650896072388,-0.12062586098909378,0.9998114705085754,0.5287744402885437,0.5207753777503967,0.14132162928581238,0.9761464595794678,0.3107075095176697,0.4982476532459259,-0.3321131467819214,0.9986688494682312,0.5996577739715576,0.5133604407310486,0.04120567813515663,0.9862634539604187,0.31175118684768677,0.44593968987464905,-0.534487247467041,0.9974018931388855,0.6215096712112427,0.5095576643943787,0.029312310740351677,0.9753676056861877,0.3114476203918457,0.4348399341106415,-0.5867141485214233,0.9889453649520874,0.4700443148612976,0.6429958343505859,0.08302213996648788,0.9998026490211487,0.42583030462265015,0.6462900638580322,-0.08318029344081879,0.999779999256134,0.4891279637813568,0.7344915866851807,0.1138300895690918,0.9744313359260559,0.40776583552360535,0.7368959784507751,-0.0672367513179779,0.997414767742157,0.45834967494010925,0.8287620544433594,0.24241328239440918,0.9904857277870178,0.35396406054496765,0.8220136165618896,0.07336267083883286,0.9965840578079224,0.4446410536766052,0.8455814719200134,0.24806995689868927,0.9678661227226257,0.3465947210788727,0.8302139043807983,0.08184929937124252,0.9512902498245239,0.5036004185676575,0.8544045090675354,0.15007144212722778,0.9890868663787842,0.36132892966270447,0.8618007898330688,-0.03509404882788658,0.9934054017066956
40,1.6666666666666667,0.4270457327365875,0.448760449886322,-0.22469352185726166,0.9999780654907227,0.46934637427330017,0.4958832561969757,0.09136008471250534,0.9997104406356812,0.37810736894607544,0.5009334683418274,-0.11019107699394226,0.9998226165771484,0.5297722220420837,0.5211844444274902,0.13575828075408936,0.9757169485092163,0.31342649459838867,0.4961177706718445,-0.3220309913158417,0.9987353682518005,0.6000974774360657,0.5151544213294983,0.03500779718160629,0.9870397448539734,0.31418606638908386,0.44259563088417053,-0.5300678610801697,0.9975194334983826,0.6213780045509338,0.5120951533317566,0.02237246371805668,0.9760909080505371,0.31445613503456116,0.43072831630706787,-0.5812118649482727,0.9894018173217773,0.47324150800704956,0.6426916718482971,0.08210322260856628,0.999805212020874,0.42878228425979614,0.6446276903152466,-0.0822349414229393,0.9997871518135071,0.48859548568725586,0.7340689897537231,0.11021903902292252,0.9708105325698853,0.4114435017108917,0.7355762720108032,-0.06975411623716354,0.9974550008773804,0.45870843529701233,0.8283625245094299,0.23039501905441284,0.9900651574134827,0.354627788066864,0.8195376992225647,0.06406867504119873,0.9966624975204468,0.44487372040748596,0.8453353047370911,0.2351151555776596,0.9682711362838745,0.3466554880142212,0.827617883682251,0.07184454053640366,0.9526765942573547,0.5036827325820923,0.8544009923934937,0.13516956567764282,0.9886780977249146,0.36130502820014954,0.8617810010910034,-0.04276052862405777,0.9935463666915894
41,1.7083333333333335,0.44143587350845337,0.4482489228248596,-0.16534319519996643,0.9999801516532898,0.46867090463638306,0.5005343556404114,0.15124046802520752,0.9997377395629883,0.39223459362983704,0.4939998984336853,-0.1593797206878662,0.9998366832733154,0.5288324356079102,0.5388574600219727,0.2202635556459427,0.975313663482666,0.35562509298324585,0.4732125699520111,-0.4350450336933136,0.9988194108009338,0.5962757468223572,0.5385329127311707,0.16125984489917755,0.9880142211914062,0.3366651237010956,0.42648187279701233,-0.6495776772499084,0.9977326989173889,0.6217342019081116,0.5354478359222412,0.16359488666057587,0.9775916337966919,0.33097225427627563,0.41766276955604553,-0.7080708742141724,0.9903190732002258,0.472714900970459,0.6387979388237,0.10599382221698761,0.9998160004615784,0.43714866042137146,0.637275218963623,-0.10613969713449478,0.9997967481613159,0.48822692036628723,0.7335951328277588,0.13027003407478333,0.9643217921257019,0.43162214756011963,0.7348812818527222,-0.12201128154993057,0.9974263310432434,0.4583367705345154,0.8284116983413696,0.2460746020078659,0.9880210757255554,0.3581528961658478,0.8158061504364014,-0.025500664487481117,0.9966912865638733,0.44462457299232483,0.8455973863601685,0.25108247995376587,0.9659931659698486,0.348571240901947,0.8245460391044617,-0.020775798708200455,0.9540881514549255,0.5052646398544312,0.8544259071350098,0.17321249842643738,0.9870904088020325,0.36335626244544983,0.861768364906311,-0.12732160091400146,0.9937264919281006
42,1.75,0.45711591839790344,0.4454365074634552,-0.08029663562774658,0.9999820590019226,0.46375420689582825,0.5037474036216736,0.18929962813854218,0.9997619986534119,0.41863974928855896,0.48219162225723267,-0.14754028618335724,0.9998511672019958,0.5178784728050232,0.553778886795044,0.27880141139030457,0.9667244553565979,0.39129745960235596,0.43600502610206604,-0.401930570602417,0.9988890886306763,0.5886152386665344,0.5572495460510254,0.26162341237068176,0.9871371984481812,0.37178102135658264,0.40670374035835266,-0.6055610179901123,0.9979158043861389,0.6107859015464783,0.5578882694244385,0.27408868074417114,0.9754402041435242,0.3639697730541229,0.40418413281440735,-0.6604642868041992,0.9911220073699951,0.468851774930954,0.6325642466545105,0.11079926043748856,0.9998305439949036,0.44506362080574036,0.6277037858963013,-0.11095026135444641,0.9998104572296143,0.4863176941871643,0.7297794818878174,0.07129670679569244,0.9586920738220215,0.461261123418808,0.7283632755279541,-0.176516592502594,0.9974779486656189,0.4585091173648834,0.8283510208129883,0.1242750734090805,0.9866967797279358,0.3665623664855957,0.8064603805541992,-0.12242469936609268,0.9968070387840271,0.4450187683105469,0.8458446264266968,0.12336821109056473,0.9640058875083923,0.35357481241226196,0.8112188577651978,-0.12079111486673355,0.9565236568450928,0.50527423620224,0.8545474410057068,0.049352917820215225,0.9862550497055054,0.36398354172706604,0.8617410659790039,-0.20569351315498352,0.9940524101257324
43,1.7916666666666667,0.4587095081806183,0.4441898763179779,-0.09297072887420654,0.9999837875366211,0.46179115772247314,0.5039162039756775,0.19280822575092316,0.9997843503952026,0.4208437204360962,0.4790523052215576,-0.14215967059135437,0.9998646378517151,0.5134613513946533,0.553970217704773,0.27425360679626465,0.9603306651115417,0.3937244415283203,0.4338643252849579,-0.4117082357406616,0.9989624619483948,0.5851865410804749,0.5586451888084412,0.24371810257434845,0.9871647357940674,0.37598535418510437,0.40753206610679626,-0.6234513521194458,0.9980905652046204,0.6068801283836365,0.559229850769043,0.253557413816452,0.9751729965209961,0.36813828349113464,0.4041476249694824,-0.680711567401886,0.9918781518936157,0.4669429063796997,0.6291322112083435,0.11366580426692963,0.999843418598175,0.44400444626808167,0.6233720183372498,-0.11381988227367401,0.999822735786438,0.4854482412338257,0.7284455895423889,0.06286092847585678,0.954249382019043,0.46351906657218933,0.7267471551895142,-0.19813339412212372,0.997538685798645,0.45816221833229065,0.8284614682197571,0.1157517209649086,0.985619306564331,0.368441104888916,0.8039624691009521,-0.14341092109680176,0.9969236254692078,0.4449363052845001,0.846224308013916,0.11431440711021423,0.9626153111457825,0.35420817136764526,0.8077672123908997,-0.14181429147720337,0.9587761759757996,0.5055012106895447,0.8546266555786133,0.03662453591823578,0.9856373071670532,0.3647436797618866,0.8613100051879883,-0.2300022840499878,0.994364321231842
44,1.8333333333333335,0.46386054158210754,0.4351181387901306,-0.052773382514715195,0.9999827146530151,0.454050749540329,0.49986159801483154,0.17191298305988312,0.9997647404670715,0.44339391589164734,0.472440242767334,-0.1789931356906891,0.9998645186424255,0.48944634199142456,0.5603523850440979,0.29588499665260315,0.8833692073822021,0.467053085565567,0.4276341199874878,-0.3866746127605438,0.9986308813095093,0.5693963766098022,0.5724215507507324,0.3080187439918518,0.9194542765617371,0.4186803996562958,0.393750935792923,-0.4912649691104889,0.9976025819778442,0.593439519405365,0.5715134739875793,0.32486850023269653,0.9079527854919434,0.40445592999458313,0.38981708884239197,-0.5447884798049927,0.9912183880805969,0.45989125967025757,0.6257385015487671,0.11483923345804214,0.9998452067375183,0.4529837667942047,0.6212430596351624,-0.11490745842456818,0.9998151659965515,0.479337215423584,0.7283389568328857,0.0937194973230362,0.9310105443000793,0.4703211188316345,0.7266948223114014,-0.14766715466976166,0.9971963167190552,0.4580076038837433,0.8291173577308655,0.13775071501731873,0.980850338935852,0.37819236516952515,0.8007780909538269,-0.06363317370414734,0.9967588186264038,0.44458168745040894,0.8474155068397522,0.139792799949646,0.9563817977905273,0.35844185948371887,0.8039018511772156,-0.058843888342380524,0.9605775475502014,0.5055065751075745,0.8546206951141357,0.09110754728317261,0.9821661710739136,0.3718782365322113,0.8593918085098267,-0.14491917192935944,0.9941844940185547
45,1.875,0.4772627055644989,0.4374735653400421,0.03806116431951523,0.9999450445175171,0.4508908987045288,0.4978810250759125,0.23715750873088837,0.9997437000274658,0.4630778431892395,0.4722270965576172,-0.1641845554113388,0.9998533129692078,0.4806579649448395,0.5557918548583984,0.33678457140922546,0.8048523664474487,0.5378127098083496,0.44003555178642273,-0.20242121815681458,0.9975170493125916,0.5570257902145386,0.5691127181053162,0.30634817481040955,0.8475825786590576,0.516521692276001,0.38460713624954224,-0.11026107519865036,0.9963293671607971,0.5797228217124939,0.5699535012245178,0.3191813826560974,0.8396405577659607,0.5107412934303284,0.36938047409057617,-0.13762985169887543,0.9896258115768433,0.4524097442626953,0.6253835558891296,0.12005239725112915,0.9998537302017212,0.45975807309150696,0.6228014230728149,-0.12029314041137695,0.9998183250427246,0.47920602560043335,0.7296214699745178,0.15398721396923065,0.9009634852409363,0.4818890392780304,0.7269747257232666,-0.13147738575935364,0.9959946274757385,0.4460035562515259,0.8289807438850403,0.22016461193561554,0.9767762422561646,0.4033636450767517,0.8037117123603821,-0.06416458636522293,0.9963698387145996,0.4338533580303192,0.8472758531570435,0.2241005301475525,0.9527490735054016,0.38011783361434937,0.8082566857337952,-0.05993441864848137,0.9619365930557251,0.5025681257247925,0.8551186323165894,0.18033844232559204,0.9796637296676636,0.3944419324398041,0.8597404360771179,-0.12481828778982162,0.9939430356025696
46,1.9166666666666667,0.47511667013168335,0.43690919876098633,0.040741775184869766,0.9999104738235474,0.45028921961784363,0.49605613946914673,0.23133417963981628,0.9997063279151917,0.46681228280067444,0.4713757336139679,-0.15521691739559174,0.9998298287391663,0.4778148829936981,0.560078501701355,0.32890021800994873,0.7353981733322144,0.5416183471679688,0.4418211281299591,-0.19214913249015808,0.996372640132904,0.5557779669761658,0.5676220059394836,0.2977290451526642,0.7913750410079956,0.5202444791793823,0.3840647041797638,-0.09856687486171722,0.9954168200492859,0.5770504474639893,0.5694558620452881,0.31042635440826416,0.7866935729980469,0.5151342749595642,0.36666467785835266,-0.12633436918258667,0.9884010553359985,0.4487454295158386,0.6245642900466919,0.11897151917219162,0.9998599290847778,0.45947906374931335,0.6226159334182739,-0.11925170570611954,0.9998169541358948,0.4792441427707672,0.7294038534164429,0.15753939747810364,0.8680575489997864,0.4822869896888733,0.7272908687591553,-0.12497305124998093,0.9944649338722229,0.44719892740249634,0.8290613889694214,0.2276482880115509,0.9709932804107666,0.4040267765522003,0.8060365319252014,-0.05446500703692436,0.995704174041748,0.4355767071247101,0.8474177122116089,0.23171119391918182,0.9467543959617615,0.38231053948402405,0.8089085221290588,-0.050244491547346115,0.9615756273269653,0.5025213956832886,0.8552220463752747,0.18551234900951385,0.9760514497756958,0.3950962722301483,0.8596282005310059,-0.11964922398328781,0.993303120136261
47,1.9583333333333335,0.47526994347572327,0.43791988492012024,0.0818675085902214,0.9998952150344849,0.44632408022880554,0.49562400579452515,0.23485222458839417,0.9997010827064514,0.47611382603645325,0.47279712557792664,-0.15283550322055817,0.999836802482605,0.4742593467235565,0.5611465573310852,0.3273167014122009,0.6804479360580444,0.5457416772842407,0.44451904296875,-0.1862066239118576,0.9962379932403564,0.5543729662895203,0.5576407313346863,0.3035535514354706,0.7591701149940491,0.5808730721473694,0.3935971260070801,-0.10285864025354385,0.9955866932868958,0.5729379653930664,0.559339165687561,0.3213832378387451,0.7565094828605652,0.5860187411308289,0.3809373676776886,-0.13120022416114807,0.9890062212944031,0.4468514025211334,0.6255329847335815,0.11941791325807571,0.9998696446418762,0.46258628368377686,0.6241317987442017,-0.11981744319200516,0.9998258948326111,0.47791847586631775,0.7291457056999207,0.21084025502204895,0.8379434943199158,0.4864800274372101,0.7276197075843811,-0.0839402824640274,0.9929319620132446,0.448372483253479,0.8296917676925659,0.2641439437866211,0.9671658277511597,0.4168029725551605,0.8073238730430603,-0.04011823236942291,0.995080828666687,0.43646347522735596,0.8493754863739014,0.2679577171802521,0.9441313147544861,0.39318814873695374,0.8100515604019165,-0.03530573099851608,0.961937427520752,0.5025783181190491,0.855342447757721,0.23062244057655334,0.973484456539154,0.4116297960281372,0.8570894002914429,-0.08143880218267441,0.9927094578742981
48,2.0,0.4937484562397003,0.4422638714313507,0.058927420526742935,0.9998281598091125,0.44658583402633667,0.49761468172073364,0.23262158036231995,0.9996576309204102,0.4822193682193756,0.47127431631088257,-0.17090363800525665,0.9998408555984497,0.4794740080833435,0.5616209506988525,0.3254949450492859,0.6242454051971436,0.5628116130828857,0.4492538869380951,-0.22470007836818695,0.996406078338623,0.550443172454834,0.5532849431037903,0.30304062366485596,0.7128899693489075,0.6423640847206116,0.44349852204322815,-0.17500074207782745,0.995590090751648,0.5698690414428711,0.5509173274040222,0.3208618462085724,0.7130911946296692,0.6591119766235352,0.4459370970726013,-0.20923827588558197,0.9892809987068176,0.4424176812171936,0.6261609792709351,0.12667953968048096,0.9998396039009094,0.4645775556564331,0.6233154535293579,-0.1270666867494583,0.9997648000717163,0.4665490686893463,0.7291201949119568,0.1976650357246399,0.8013806939125061,0.49607419967651367,0.7258658409118652,-0.08478438854217529,0.9923585057258606,0.4488655924797058,0.8302993178367615,0.27160659432411194,0.957511842250824,0.43914613127708435,0.8114336729049683,-0.005657023750245571,0.9945191144943237,0.4372003376483917,0.8503642678260803,0.2768097519874573,0.9380568265914917,0.421053409576416,0.8169844746589661,0.0026951474137604237,0.9634319543838501,0.5055075287818909,0.8554649353027344,0.2346230298280716,0.9680048227310181,0.4468560814857483,0.8558491468429565,-0.04069275036454201,0.9920599460601807
49,2.041666666666667,0.5019386410713196,0.4467739462852478,0.10694147646427155,0.9997920989990234,0.44599059224128723,0.5004728436470032,0.2546725273132324,0.9996113777160645,0.49312394857406616,0.4737209379673004,-0.13443823158740997,0.9998425245285034,0.4768848419189453,0.5604972839355469,0.34327372908592224,0.5701242089271545,0.5706751346588135,0.4938340187072754,-0.11517584323883057,0.9958437085151672,0.5297101140022278,0.5658363103866577,0.3766537606716156,0.6589982509613037,0.6230106353759766,0.5187658071517944,0.05750662088394165,0.9909407496452332,0.5419508814811707,0.5620060563087463,0.40034887194633484,0.6625998020172119,0.6293745040893555,0.5253550410270691,0.05711493641138077,0.9837782979011536,0.43680375814437866,0.6266010999679565,0.12090637534856796,0.999816358089447,0.4665098488330841,0.6235698461532593,-0.12123273313045502,0.999683678150177,0.46374818682670593,0.7294706702232361,0.1893882155418396,0.7816178798675537,0.5088205933570862,0.7259259819984436,-0.08230654150247574,0.9913363456726074,0.45223701000213623,0.8302639722824097,0.12634527683258057,0.9522024393081665,0.4507291615009308,0.811585009098053,-0.07790817320346832,0.9931700825691223,0.44257408380508423,0.8500351905822754,0.12107016146183014,0.9342700242996216,0.4376090168952942,0.8176679015159607,-0.07666701078414917,0.9617979526519775,0.5088434219360352,0.8562318682670593,0.08710573613643646,0.9648195505142212,0.47347861528396606,0.8549331426620483,-0.09825704991817474,0.9903797507286072
50,2.0833333333333335,0.5043527483940125,0.4498247504234314,0.11818461865186691,0.9997619390487671,0.44616881012916565,0.5014687180519104,0.2576535642147064,0.999557375907898,0.4963129460811615,0.47477981448173523,-0.12948724627494812,0.9998450875282288,0.48763352632522583,0.5557043552398682,0.34643086791038513,0.5212928056716919,0.5704500079154968,0.4991280436515808,-0.1174209788441658,0.9954824447631836,0.5259333848953247,0.57033771276474,0.377768874168396,0.6085628271102905,0.622707188129425,0.5231564044952393,0.05690290406346321,0.9867874383926392,0.5393860936164856,0.5670973658561707,0.4004719853401184,0.6149576902389526,0.6287639737129211,0.5293402671813965,0.0560336597263813,0.9785277247428894,0.43558454513549805,0.6267198324203491,0.11849052459001541,0.999790608882904,0.46675223112106323,0.6236318945884705,-0.11879733949899673,0.9996064901351929,0.4625053405761719,0.7295670509338379,0.14775903522968292,0.7589979767799377,0.510173499584198,0.7255176901817322,-0.08691686391830444,0.9905779361724854,0.4545503854751587,0.8304910659790039,0.11772479861974716,0.9447475671768188,0.45261862874031067,0.8116509914398193,-0.08060060441493988,0.9915022253990173,0.4437430500984192,0.8519156575202942,0.1138429269194603,0.9281403422355652,0.4374508559703827,0.8190497756004333,-0.07876656949520111,0.9593645334243774,0.5101754665374756,0.8563343286514282,0.07704436779022217,0.9597225189208984,0.4787248373031616,0.8513199090957642,-0.10711120069026947,0.9879574775695801
51,2.125,0.505158007144928,0.4547313153743744,0.17133557796478271,0.999760627746582,0.44264793395996094,0.5012946128845215,0.27127352356910706,0.9995725750923157,0.5042628645896912,0.47699353098869324,-0.10063628852367401,0.999858021736145,0.47049757838249207,0.555477499961853,0.34559008479118347,0.4915032982826233,0.5692105293273926,0.520673394203186,-0.06556125730276108,0.9955411553382874,0.5125893950462341,0.5759641528129578,0.3952881395816803,0.5624920725822449,0.6102893352508545,0.5598569512367249,0.1531563103199005,0.9819010496139526,0.5221931338310242,0.5782353281974792,0.4213363826274872,0.5680680871009827,0.6168493032455444,0.572230875492096,0.1665322184562683,0.970367968082428,0.4338609278202057,0.6270174384117126,0.11703754961490631,0.9997850060462952,0.46863943338394165,0.6238738894462585,-0.11731849610805511,0.9995808601379395,0.4623354375362396,0.7286520004272461,0.12949664890766144,0.7690533995628357,0.5158418416976929,0.7246137857437134,-0.0855569913983345,0.9907999038696289,0.4557741582393646,0.8287785053253174,0.0761985033750534,0.9439473152160645,0.45927122235298157,0.8117145895957947,-0.106686532497406,0.9905959963798523,0.4444925785064697,0.8475676774978638,0.06854108721017838,0.9296848773956299,0.4435018301010132,0.8200591802597046,-0.1060730516910553,0.9590203166007996,0.5035486221313477,0.856481671333313,0.04800523445010185,0.9549916982650757,0.4842778146266937,0.8513954877853394,-0.11343804746866226,0.9853130578994751
52,2.166666666666667,0.5093280076980591,0.459261417388916,0.16835299134254456,0.9997639656066895,0.44014427065849304,0.5008240342140198,0.24606552720069885,0.9995961785316467,0.5111398696899414,0.48589345812797546,-0.11015093326568604,0.9998704791069031,0.45612090826034546,0.5561222434043884,0.32332101464271545,0.47314634919166565,0.5639524459838867,0.5388518571853638,-0.07364516705274582,0.9957835674285889,0.499858558177948,0.5812535285949707,0.3627874255180359,0.5136271715164185,0.5899989604949951,0.5821911096572876,0.15911166369915009,0.9757788181304932,0.5100688934326172,0.5886508822441101,0.3850831389427185,0.5178517699241638,0.595093309879303,0.5952399969100952,0.178233802318573,0.9589654207229614,0.43440476059913635,0.6276340484619141,0.11617891490459442,0.999779999256134,0.4723672568798065,0.6239506602287292,-0.1164981871843338,0.9995629787445068,0.46013855934143066,0.7281455993652344,0.11466671526432037,0.7758217453956604,0.5221487283706665,0.7236771583557129,-0.08587615936994553,0.99081951379776,0.45662087202072144,0.8281180262565613,0.05677029490470886,0.9414792656898499,0.4621056318283081,0.8112648725509644,-0.11728428304195404,0.9893316030502319,0.44570478796958923,0.846220850944519,0.04854060709476471,0.9288821816444397,0.44666191935539246,0.8200428485870361,-0.1157643124461174,0.9571094512939453,0.49976232647895813,0.856920599937439,0.02883138693869114,0.9496220350265503,0.4860936105251312,0.8508700728416443,-0.11559443920850754,0.9830024242401123
53,2.2083333333333335,0.518328070640564,0.4614146649837494,0.15558362007141113,0.9997746348381042,0.44041162729263306,0.5034029483795166,0.19893714785575867,0.9996275305747986,0.5186008214950562,0.4978264272212982,-0.12257876992225647,0.9998815059661865,0.41698357462882996,0.5670884251594543,0.2618124186992645,0.4852715730667114,0.5436621308326721,0.5699842572212219,-0.111403688788414,0.995650589466095,0.45252183079719543,0.6004760265350342,0.318695604801178,0.4720652997493744,0.5815548896789551,0.6213490962982178,0.05358084663748741,0.9631688594818115,0.46099844574928284,0.6019992232322693,0.33683404326438904,0.4739890992641449,0.5858807563781738,0.6322647333145142,0.0618208572268486,0.9385109543800354,0.4338225722312927,0.6321879625320435,0.11597413569688797,0.9997853636741638,0.47509199380874634,0.6288063526153564,-0.11627250909805298,0.9995728135108948,0.45863279700279236,0.7291894555091858,0.11390161514282227,0.7666811943054199,0.5218343138694763,0.723893404006958,-0.060831766575574875,0.990427553653717,0.4575553238391876,0.8284078240394592,0.06230344623327255,0.9353536367416382,0.4632507264614105,0.8116740584373474,-0.09091326594352722,0.9882860779762268,0.4461226463317871,0.8477106690406799,0.054128553718328476,0.9232959151268005,0.4469596743583679,0.8211356401443481,-0.08849890530109406,0.9538977146148682,0.4998819828033447,0.8574150204658508,0.022138485684990883,0.943276584148407,0.4868243634700775,0.8512589931488037,-0.09164786338806152,0.9818947911262512
54,2.25,0.5284825563430786,0.4651886522769928,0.1504158079624176,0.9997658133506775,0.4408748745918274,0.503514289855957,0.17574450373649597,0.9996573328971863,0.5227982997894287,0.5011974573135376,-0.12282086908817291,0.9998915791511536,0.39563634991645813,0.5627356171607971,0.19270342588424683,0.5210755467414856,0.5267996191978455,0.5659152269363403,-0.11589918285608292,0.9949467778205872,0.4271135926246643,0.5980345010757446,0.19245876371860504,0.44296976923942566,0.5264881253242493,0.6159118413925171,0.03339051827788353,0.9438086748123169,0.43187400698661804,0.6071187257766724,0.19851700961589813,0.4386042356491089,0.5257288217544556,0.6318668723106384,0.04265401512384415,0.9107431173324585,0.4345691502094269,0.6343480348587036,0.11464967578649521,0.9997864365577698,0.477017879486084,0.6322683095932007,-0.11496122926473618,0.9995782971382141,0.4591391086578369,0.7291619777679443,0.11359376460313797,0.7575101256370544,0.5214455723762512,0.7247160077095032,-0.06621333211660385,0.9905107021331787,0.4577597677707672,0.8264276385307312,0.052414245903491974,0.9298166632652283,0.4627048671245575,0.8118091821670532,-0.10370741039514542,0.987424373626709,0.44698020815849304,0.8492308855056763,0.04228964075446129,0.9186063408851624,0.4470188021659851,0.8213170170783997,-0.10379089415073395,0.9532601237297058,0.4933915138244629,0.857647180557251,0.005349838640540838,0.9380896687507629,0.4860663414001465,0.8521928787231445,-0.10822237282991409,0.9814168214797974
55,2.291666666666667,0.5292225480079651,0.46842461824417114,0.14006546139717102,0.9997475743293762,0.44124603271484375,0.5036989450454712,0.16942015290260315,0.9996830224990845,0.5239109992980957,0.5025230646133423,-0.12359099835157394,0.9999009370803833,0.3934049606323242,0.5606299042701721,0.18712176382541656,0.5512090921401978,0.5230972766876221,0.5683844089508057,-0.12956532835960388,0.9945809245109558,0.425597220659256,0.5986817479133606,0.18482886254787445,0.4162362217903137,0.5198168158531189,0.621249258518219,2.518019755370915e-05,0.9316308498382568,0.4302769601345062,0.6084005832672119,0.19208107888698578,0.40676581859588623,0.5186766982078552,0.636017918586731,0.005039448384195566,0.8917134404182434,0.43473726511001587,0.6349554061889648,0.11246523261070251,0.9997825026512146,0.47777634859085083,0.6336655020713806,-0.11280029267072678,0.9995779395103455,0.45969992876052856,0.728671669960022,0.11724980920553207,0.74388587474823,0.5205041766166687,0.7257140278816223,-0.05994951352477074,0.9904194474220276,0.4575006663799286,0.8231307864189148,0.0634322315454483,0.9231445789337158,0.46251389384269714,0.8118627667427063,-0.10036614537239075,0.9867134094238281,0.44569841027259827,0.8478375673294067,0.05344260483980179,0.9137369394302368,0.4477100372314453,0.8212725520133972,-0.10092759132385254,0.9529145359992981,0.48332762718200684,0.8576451539993286,0.017212601378560066,0.932783842086792,0.4867047965526581,0.8524778485298157,-0.10914584994316101,0.9810551404953003
56,2.3333333333333335,0.5340620875358582,0.47061577439308167,0.19636531174182892,0.9996615052223206,0.44002029299736023,0.5038632154464722,0.16127760708332062,0.9997049570083618,0.5230944156646729,0.5045074224472046,-0.07647282630205154,0.9999021291732788,0.3777933418750763,0.5434485077857971,0.15074433386325836,0.5928868055343628,0.511873185634613,0.5552078485488892,-0.0763259306550026,0.9924840331077576,0.4129164218902588,0.5923230648040771,0.1361950784921646,0.4069042503833771,0.4973106384277344,0.5935148000717163,0.05477048084139824,0.8762712478637695,0.4161128103733063,0.6037681102752686,0.13776883482933044,0.3864937424659729,0.49567267298698425,0.6053643822669983,0.06515752524137497,0.8315398097038269,0.4350748360157013,0.6368752717971802,0.1054329127073288,0.99976646900177,0.4793006181716919,0.6368869543075562,-0.10582466423511505,0.9995454549789429,0.460172563791275,0.7289243340492249,0.12114732712507248,0.7466850876808167,0.5188099145889282,0.727185070514679,-0.06524326652288437,0.991021990776062,0.45731186866760254,0.8235064148902893,0.06605345755815506,0.9228763580322266,0.46082818508148193,0.8135371804237366,-0.09849055856466293,0.9869387745857239,0.4457283914089203,0.8467985987663269,0.05632771551609039,0.9153962731361389,0.4469733238220215,0.8227518796920776,-0.09874193370342255,0.9556065797805786,0.4856894016265869,0.8576408624649048,0.020012160763144493,0.9272934198379517,0.48445314168930054,0.8531033992767334,-0.10830408334732056,0.9806088209152222
57,2.375,0.5350831747055054,0.47099223732948303,0.22162503004074097,0.9995943903923035,0.44002920389175415,0.5038054585456848,0.15663614869117737,0.9997282028198242,0.5234219431877136,0.5048683881759644,-0.05519864335656166,0.9998970627784729,0.373081237077713,0.5312944054603577,0.13069863617420197,0.63259357213974,0.5078584551811218,0.5533815622329712,-0.03764500096440315,0.9898909330368042,0.40147334337234497,0.5882388949394226,0.10786683857440948,0.42455440759658813,0.4981064796447754,0.5817289352416992,0.1238299012184143,0.8122393488883972,0.40479394793510437,0.599754273891449,0.10744155943393707,0.38764050602912903,0.4914461374282837,0.596279501914978,0.13788241147994995,0.7659536600112915,0.43456900119781494,0.6370218992233276,0.1033182144165039,0.9997645616531372,0.47876814007759094,0.6380487084388733,-0.1037432849407196,0.9995335936546326,0.4603341817855835,0.7288938164710999,0.13496126234531403,0.7557152509689331,0.5184153914451599,0.7275909185409546,-0.0660988986492157,0.9917313456535339,0.45699453353881836,0.8234327435493469,0.07709953188896179,0.9249985814094543,0.460225373506546,0.814410388469696,-0.08244181424379349,0.9875229597091675,0.4456874132156372,0.8457680344581604,0.07035959511995316,0.9188624620437622,0.44613897800445557,0.823518693447113,-0.08068595826625824,0.9587555527687073,0.4831594228744507,0.8576170802116394,0.03725793957710266,0.9232466220855713,0.4843801259994507,0.8533061742782593,-0.08112502843141556,0.9802245497703552
58,2.416666666666667,0.5370239615440369,0.47247353196144104,0.2150053083896637,0.9994565844535828,0.4393136501312256,0.5020983219146729,0.1453840583562851,0.9997477531433105,0.522802472114563,0.5048484206199646,-0.06213025003671646,0.9998920559883118,0.37392377853393555,0.5231319069862366,0.11453766375780106,0.6675207614898682,0.5068203806877136,0.5552840232849121,-0.07612552493810654,0.9868515729904175,0.39956262707710266,0.5871556401252747,0.08496790379285812,0.4360896646976471,0.4966752529144287,0.5838609337806702,0.0532042570412159,0.7687792181968689,0.40303367376327515,0.5960150957107544,0.08293749392032623,0.38678157329559326,0.4881248474121094,0.5981165766716003,0.05579577386379242,0.7195192575454712,0.43433472514152527,0.6372401118278503,0.10058365017175674,0.9997506737709045,0.4786352515220642,0.6385893225669861,-0.10103151947259903,0.999502420425415,0.4605426788330078,0.7286414504051208,0.14069609344005585,0.7593382000923157,0.518144428730011,0.7282955646514893,-0.06453879922628403,0.9922131299972534,0.4565863013267517,0.823011040687561,0.09264444559812546,0.9255809783935547,0.45963647961616516,0.8154275417327881,-0.06652773171663284,0.9877768754959106,0.4448661804199219,0.8458117842674255,0.08558421581983566,0.9203097224235535,0.4455287754535675,0.8242522478103638,-0.06406193226575851,0.9609544277191162,0.4831075370311737,0.8576105833053589,0.06090979650616646,0.9190025329589844,0.4870385527610779,0.8540428876876831,-0.06718230992555618,0.9796730875968933
59,2.4583333333333335,0.537664532661438,0.47278547286987305,0.2134830802679062,0.9992607831954956,0.43858450651168823,0.49890196323394775,0.14021161198616028,0.9997653961181641,0.5218631029129028,0.5043311715126038,-0.06603614240884781,0.9998839497566223,0.37383392453193665,0.5169013738632202,0.10842972248792648,0.6993499398231506,0.5075186491012573,0.5532620549201965,-0.084413543343544,0.9841365814208984,0.4006345868110657,0.5762227177619934,0.08379668742418289,0.435564249753952,0.49422189593315125,0.5798085331916809,0.03222929313778877,0.7249594926834106,0.404385507106781,0.5921138525009155,0.08304183185100555,0.3762207329273224,0.4837234616279602,0.5933560729026794,0.03584812954068184,0.6730033159255981,0.4336341321468353,0.6371243596076965,0.09924837201833725,0.9997304677963257,0.47820165753364563,0.6384724378585815,-0.09970147162675858,0.9994606971740723,0.4602194130420685,0.7286278009414673,0.14613404870033264,0.7653530836105347,0.5179373621940613,0.7282915115356445,-0.05986649543046951,0.9926680326461792,0.4565497040748596,0.8230046629905701,0.10285262763500214,0.9280471801757812,0.45989182591438293,0.8154088258743286,-0.05890554562211037,0.9882012009620667,0.44486328959465027,0.8458415269851685,0.09612733870744705,0.9229052066802979,0.44546082615852356,0.8241707682609558,-0.05648321285843849,0.9631235003471375,0.4848405420780182,0.8576049208641052,0.07680418342351913,0.9178634285926819,0.4842497408390045,0.8546614050865173,-0.05591366067528725,0.9796448349952698
60,2.5,0.5376551151275635,0.4730627238750458,0.21268372237682343,0.9990777373313904,0.4382120668888092,0.49734023213386536,0.1366150677204132,0.9997812509536743,0.5216054320335388,0.5040261149406433,-0.0671631470322609,0.9998767375946045,0.37432363629341125,0.5159571170806885,0.1049121841788292,0.7279065251350403,0.5084454417228699,0.5533983707427979,-0.08511814475059509,0.9821493029594421,0.4001672863960266,0.5725376605987549,0.08028096705675125,0.43571290373802185,0.4935975670814514,0.5799149870872498,0.0277851689606905,0.6886991262435913,0.4040752351284027,0.5898770093917847,0.08004813641309738,0.3674730658531189,0.48358771204948425,0.5931868553161621,0.03321471065282822,0.633651077747345,0.4331723749637604,0.6369584202766418,0.09812990576028824,0.9997169971466064,0.47790274024009705,0.6381258368492126,-0.09859967976808548,0.9994294047355652,0.4598802924156189,0.7284447550773621,0.15270249545574188,0.7728407979011536,0.5178369879722595,0.7282752394676208,-0.052107665687799454,0.9930800795555115,0.45634520053863525,0.8223862648010254,0.10986559092998505,0.9307764172554016,0.4607563018798828,0.8151438236236572,-0.05311004817485809,0.9886087775230408,0.44368964433670044,0.8456741571426392,0.1032181978225708,0.925670862197876,0.44646650552749634,0.8241146802902222,-0.05092364922165871,0.9651003479957581,0.4834686815738678,0.8577224016189575,0.0833427757024765,0.9176323413848877,0.4852924942970276,0.854748547077179,-0.049803536385297775,0.9797078967094421
61,2.541666666666667,0.5364149212837219,0.471842497587204,0.21446746587753296,0.9990065097808838,0.4382408857345581,0.49570998549461365,0.1410519927740097,0.9997962117195129,0.5204610228538513,0.5034417510032654,-0.07236617803573608,0.9998718500137329,0.37398195266723633,0.5175764560699463,0.11025301367044449,0.7537267804145813,0.5075442790985107,0.5546060800552368,-0.08852285891771317,0.9813627004623413,0.402713418006897,0.5721988677978516,0.07845034450292587,0.4345857799053192,0.4913678765296936,0.5866760015487671,0.024465790018439293,0.6609700322151184,0.40619757771492004,0.5893838405609131,0.0771917998790741,0.35794296860694885,0.48167648911476135,0.5991290807723999,0.029615068808197975,0.600475549697876,0.43247947096824646,0.6368663311004639,0.09887795895338058,0.9997097849845886,0.4774332344532013,0.6378205418586731,-0.09932919591665268,0.9994016885757446,0.45822426676750183,0.7283639907836914,0.154951810836792,0.7820330262184143,0.5174106955528259,0.7278385758399963,-0.0483475998044014,0.9934659600257874,0.4555179476737976,0.8224888443946838,0.11793103814125061,0.9332038760185242,0.46071839332580566,0.8146540522575378,-0.04343821480870247,0.9889425039291382,0.4418965280056,0.8463476300239563,0.11165414750576019,0.9280438423156738,0.44648805260658264,0.8238289952278137,-0.04089443013072014,0.9668470025062561,0.48287779092788696,0.8577517867088318,0.08991672843694687,0.9165598750114441,0.4878404140472412,0.8545676469802856,-0.041190773248672485,0.9796144962310791
62,2.5833333333333335,0.5345558524131775,0.47129690647125244,0.14330270886421204,0.9989821910858154,0.43432900309562683,0.49596256017684937,0.1221902072429657,0.9998080134391785,0.5190091729164124,0.5029509663581848,-0.14009179174900055,0.9998802542686462,0.3764512240886688,0.5208752751350403,0.12390299141407013,0.7739187479019165,0.5053889155387878,0.5581876635551453,-0.12541887164115906,0.982139527797699,0.41073036193847656,0.5723455548286438,0.1135365292429924,0.4109554886817932,0.4961417317390442,0.5987910628318787,0.03200720623135567,0.6521109342575073,0.4151199162006378,0.5892308354377747,0.11766894906759262,0.33455130457878113,0.4857090711593628,0.6085465550422668,0.04696120694279671,0.5842454433441162,0.431681752204895,0.6369370222091675,0.1021685004234314,0.9997044205665588,0.47737807035446167,0.6380431652069092,-0.10271074622869492,0.9993966817855835,0.45656639337539673,0.7283634543418884,0.1629769206047058,0.7738498449325562,0.5168971419334412,0.727817177772522,-0.04040782153606415,0.9933963418006897,0.45530351996421814,0.8222192525863647,0.11092596501111984,0.931318461894989,0.4598750174045563,0.8139212727546692,-0.05076730623841286,0.9886265397071838,0.4429091513156891,0.8466331362724304,0.1014314517378807,0.9268762469291687,0.4456990957260132,0.8227084875106812,-0.04783923551440239,0.9672432541847229,0.48518121242523193,0.8576119542121887,0.0836363136768341,0.9146671891212463,0.4871361553668976,0.8583777546882629,-0.0507221594452858,0.9795549511909485
63,2.625,0.5337595343589783,0.4708411395549774,0.1380930244922638,0.9989500045776367,0.43302276730537415,0.49613723158836365,0.11848844587802887,0.9998185634613037,0.5182008743286133,0.5026236176490784,-0.1435064971446991,0.9998873472213745,0.37715423107147217,0.523069441318512,0.12182077765464783,0.7926435470581055,0.5048143863677979,0.5594757795333862,-0.12853772938251495,0.9827480316162109,0.4125712811946869,0.5730227828025818,0.11514469236135483,0.3904118537902832,0.4978022575378418,0.6001395583152771,0.03665371611714363,0.6403775811195374,0.41708311438560486,0.5889408588409424,0.12109643965959549,0.3138183653354645,0.49019521474838257,0.609184980392456,0.05315926671028137,0.5662832260131836,0.43141970038414,0.636984646320343,0.10370181500911713,0.9997004866600037,0.47720643877983093,0.638253927230835,-0.1042749434709549,0.9993924498558044,0.4557144045829773,0.7284712791442871,0.16446025669574738,0.7688517570495605,0.5165363550186157,0.7278410792350769,-0.038892246782779694,0.9934601187705994,0.4552702307701111,0.8222960829734802,0.10689743608236313,0.9306847453117371,0.4593002200126648,0.8138088583946228,-0.054436855018138885,0.9885252118110657,0.4438917338848114,0.8473478555679321,0.09669005870819092,0.9266120195388794,0.4451712667942047,0.8224278092384338,-0.051693353801965714,0.9678847789764404,0.4868428111076355,0.8575467467308044,0.08046624809503555,0.9137641787528992,0.4858255684375763,0.8603039383888245,-0.0525708943605423,0.9796420335769653
64,2.666666666666667,0.5330084562301636,0.4675646126270294,0.08800900727510452,0.9990344047546387,0.43359893560409546,0.49598726630210876,0.14175260066986084,0.9998310208320618,0.5167113542556763,0.5014966130256653,-0.1779191493988037,0.9998977780342102,0.380294531583786,0.5363008975982666,0.15237276256084442,0.7962010502815247,0.5014854073524475,0.5615792274475098,-0.2029118835926056,0.9841804504394531,0.41550523042678833,0.5878298878669739,0.12089461833238602,0.3665061295032501,0.4991535246372223,0.6273768544197083,-0.09942429512739182,0.6696580052375793,0.42075979709625244,0.6005445122718811,0.1261071264743805,0.2927783727645874,0.49193352460861206,0.6444360017776489,-0.10301988571882248,0.5965510010719299,0.4310298264026642,0.6369572877883911,0.11575333029031754,0.9997006058692932,0.4746132791042328,0.638140857219696,-0.11616705358028412,0.9994122385978699,0.453920841217041,0.7276203632354736,0.14865517616271973,0.7446168661117554,0.5150777101516724,0.7286736369132996,-0.07067561894655228,0.9934741258621216,0.4537329077720642,0.821969747543335,0.11375316977500916,0.92005854845047,0.45723646879196167,0.8138726949691772,-0.06326182931661606,0.988292932510376,0.4411832392215729,0.8394787907600403,0.10633670538663864,0.9161166548728943,0.440971314907074,0.8224023580551147,-0.06054675206542015,0.9676065444946289,0.48720070719718933,0.8556063175201416,0.08094288408756256,0.9085188508033752,0.48429977893829346,0.8563259840011597,-0.07394140213727951,0.9800422787666321
