frame,0_x,0_y,0_v,11_x,11_y,11_v,12_x,12_y,12_v,13_x,13_y,13_v,14_x,14_y,14_v,15_x,15_y,15_v,16_x,16_y,16_v,17_x,17_y,17_v,18_x,18_y,18_v,23_x,23_y,23_v,24_x,24_y,24_v,25_x,25_y,25_v,26_x,26_y,26_v,27_x,27_y,27_v,28_x,28_y,28_v,29_x,29_y,29_v,30_x,30_y,30_v,31_x,31_y,31_v,32_x,32_y,32_v
1,0.524148,0.370458,0.999096,0.482466,0.446501,0.999936,0.402904,0.420364,0.999965,0.509756,0.537764,0.372739,0.460251,0.498205,0.997067,0.609036,0.511704,0.625315,0.588259,0.493527,0.988457,0.64015,0.507286,0.664,0.626831,0.496648,0.977819,0.447515,0.631595,0.999991,0.373655,0.626935,0.999993,0.490758,0.775521,0.739807,0.341668,0.77933,0.986631,0.493558,0.912566,0.937254,0.264418,0.914966,0.988854,0.473755,0.940719,0.889643,0.240005,0.932393,0.843347,0.577285,0.944107,0.956172,0.306792,0.963833,0.979584
2,0.520073,0.369213,0.999154,0.47946,0.445942,0.999938,0.398356,0.420363,0.999963,0.509793,0.535436,0.387913,0.459801,0.49804,0.997022,0.605614,0.507114,0.647077,0.584923,0.490347,0.98838,0.634588,0.500251,0.683189,0.620793,0.490042,0.977904,0.442361,0.631618,0.99999,0.371182,0.626962,0.999992,0.490606,0.774821,0.722827,0.34105,0.779124,0.985377,0.494145,0.912131,0.927453,0.263554,0.914523,0.987444,0.473679,0.940676,0.880127,0.239628,0.932082,0.835892,0.578025,0.944123,0.951116,0.30626,0.963847,0.977702
3,0.500016,0.367946,0.999216,0.468023,0.443347,0.999938,0.373369,0.420207,0.999963,0.517685,0.523513,0.405886,0.448704,0.491479,0.99714,0.605996,0.492441,0.666308,0.566169,0.467909,0.989166,0.636201,0.483848,0.699492,0.602891,0.464899,0.97941,0.4306,0.631256,0.999989,0.358842,0.627621,0.999991,0.487706,0.773967,0.718731,0.330964,0.779255,0.985058,0.494756,0.911616,0.92316,0.261431,0.915702,0.987052,0.473771,0.940456,0.875669,0.239083,0.934262,0.834154,0.57831,0.944119,0.949302,0.304887,0.964313,0.977273
4,0.485977,0.365776,0.999276,0.459525,0.441118,0.999939,0.359103,0.419535,0.999963,0.519193,0.516251,0.432543,0.429954,0.485396,0.997247,0.606662,0.48258,0.68782,0.54999,0.457352,0.98986,0.637027,0.473517,0.717448,0.586329,0.450645,0.980742,0.423835,0.631259,0.999989,0.349735,0.628733,0.99999,0.483004,0.773814,0.722693,0.320606,0.77986,0.984943,0.49502,0.911091,0.922231,0.259435,0.9162,0.986804,0.473791,0.940026,0.874006,0.238716,0.93539,0.833527,0.577939,0.944198,0.949206,0.30328,0.964328,0.977051
5,0.472285,0.364436,0.999341,0.451814,0.440923,0.999942,0.348434,0.419504,0.999964,0.521196,0.508871,0.471656,0.406988,0.480019,0.997413,0.606932,0.473085,0.714583,0.523688,0.452768,0.990651,0.640109,0.462212,0.740498,0.560126,0.445799,0.982229,0.416459,0.631347,0.999989,0.342905,0.629469,0.99999,0.478179,0.77376,0.733458,0.31369,0.780461,0.985367,0.495624,0.910846,0.923849,0.258494,0.916589,0.986986,0.474049,0.940104,0.875514,0.238064,0.936524,0.835593,0.579436,0.9442,0.950634,0.302942,0.964127,0.97753
6,0.457072,0.362717,0.999405,0.443806,0.441587,0.999946,0.330348,0.420056,0.999966,0.521231,0.495712,0.516358,0.368572,0.462202,0.997606,0.605432,0.449137,0.741439,0.492288,0.427418,0.991424,0.64005,0.432074,0.764108,0.522106,0.416098,0.983649,0.405984,0.631357,0.999989,0.329412,0.629763,0.99999,0.47135,0.77373,0.749692,0.300823,0.781855,0.986166,0.495658,0.910633,0.928552,0.255151,0.917976,0.987686,0.47407,0.94068,0.88202,0.235881,0.939446,0.843809,0.579598,0.943749,0.953809,0.302738,0.964156,0.978803
7,0.434369,0.359333,0.999462,0.433884,0.441694,0.999949,0.313557,0.420055,0.999968,0.520869,0.485795,0.556075,0.3316,0.448285,0.997745,0.597297,0.428159,0.765639,0.448585,0.411509,0.992129,0.629114,0.408829,0.785503,0.480992,0.402945,0.984956,0.393059,0.631357,0.999988,0.312538,0.629741,0.999989,0.460891,0.773758,0.756794,0.290296,0.78148,0.98626,0.495296,0.910598,0.931114,0.252729,0.918871,0.987852,0.474145,0.941546,0.884782,0.234141,0.940727,0.847237,0.579651,0.941146,0.95569,0.301273,0.964196,0.979218
8,0.434019,0.359153,0.999514,0.430392,0.441778,0.999952,0.311934,0.419631,0.99997,0.52104,0.482813,0.594261,0.324274,0.447374,0.997897,0.597007,0.423089,0.788156,0.436974,0.41179,0.99283,0.627903,0.404425,0.805712,0.472054,0.402338,0.986282,0.392004,0.631538,0.999988,0.31119,0.629913,0.999989,0.45933,0.77381,0.765382,0.289716,0.781271,0.986475,0.493366,0.9106,0.933943,0.251427,0.919804,0.98816,0.47417,0.941538,0.88871,0.23283,0.94271,0.852448,0.579827,0.93982,0.95786,0.305453,0.964094,0.979876
9,0.424944,0.35656,0.999561,0.42731,0.440743,0.999955,0.304547,0.418908,0.999972,0.522612,0.474817,0.626691,0.30671,0.445461,0.997992,0.596321,0.409829,0.808197,0.417483,0.407515,0.993437,0.623689,0.394779,0.823679,0.450017,0.397046,0.987434,0.387187,0.631495,0.999986,0.305926,0.6299,0.999987,0.455982,0.773797,0.758717,0.286854,0.781199,0.985118,0.491002,0.910597,0.932786,0.251335,0.920575,0.987439,0.473944,0.941535,0.887058,0.231726,0.943453,0.850695,0.579499,0.937285,0.957874,0.30568,0.964089,0.979054
10,0.421234,0.355653,0.999603,0.424114,0.43987,0.999958,0.299102,0.417736,0.999973,0.525201,0.467403,0.656883,0.289186,0.444741,0.998078,0.593933,0.399915,0.826306,0.403642,0.400892,0.993965,0.617828,0.38215,0.839924,0.436135,0.388516,0.988436,0.38221,0.630719,0.999985,0.301124,0.629831,0.999986,0.450689,0.773783,0.754337,0.282414,0.781103,0.98429,0.488588,0.91092,0.932287,0.251332,0.920844,0.987002,0.473119,0.941863,0.886187,0.231323,0.944918,0.850779,0.578883,0.933731,0.958101,0.307342,0.964154,0.978491
11,0.398468,0.351611,0.999641,0.414749,0.434734,0.999961,0.283545,0.417919,0.999974,0.522745,0.453525,0.686363,0.211328,0.439485,0.997993,0.579905,0.383593,0.843237,0.318876,0.398776,0.994177,0.599783,0.362964,0.855378,0.351162,0.383997,0.988845,0.366236,0.628677,0.999982,0.287897,0.629117,0.999981,0.435818,0.773287,0.741655,0.272405,0.78106,0.981906,0.482805,0.910097,0.930937,0.250423,0.921515,0.985897,0.471566,0.941544,0.882615,0.231351,0.945699,0.847777,0.575918,0.926651,0.95769,0.307402,0.964566,0.976701
12,0.393595,0.348024,0.999675,0.411315,0.432123,0.999964,0.28129,0.417926,0.999974,0.51966,0.451528,0.713257,0.21156,0.438154,0.997952,0.576403,0.378208,0.858555,0.319607,0.389907,0.994481,0.594023,0.356243,0.869356,0.354073,0.376438,0.98938,0.364115,0.628182,0.999977,0.284146,0.62898,0.999975,0.433383,0.773291,0.720665,0.268718,0.781528,0.977622,0.481259,0.909462,0.926341,0.248963,0.921436,0.983522,0.471037,0.941332,0.874048,0.230905,0.945282,0.838172,0.574386,0.924299,0.955132,0.307892,0.964594,0.973047
13,0.388218,0.346886,0.999707,0.406221,0.429957,0.999967,0.273592,0.41774,0.999974,0.518445,0.444608,0.740141,0.188621,0.436745,0.997953,0.574264,0.372471,0.872542,0.298906,0.397059,0.99448,0.593433,0.350654,0.882148,0.33523,0.388232,0.989283,0.360266,0.627419,0.999975,0.280535,0.628633,0.999971,0.428886,0.773106,0.725881,0.266126,0.781707,0.977477,0.480271,0.908887,0.928276,0.248048,0.921558,0.983288,0.469495,0.941328,0.873883,0.230289,0.945043,0.838648,0.573461,0.920938,0.956145,0.307279,0.964549,0.972571
14,0.384991,0.348208,0.999735,0.401093,0.428582,0.99997,0.264228,0.417239,0.999975,0.517443,0.436994,0.764838,0.168885,0.437686,0.997968,0.572886,0.367144,0.885156,0.273212,0.399817,0.994462,0.594186,0.345932,0.893684,0.305696,0.391583,0.989201,0.359174,0.626746,0.999972,0.27804,0.628257,0.999966,0.425696,0.772878,0.735033,0.263299,0.781689,0.977333,0.479382,0.908519,0.930264,0.247866,0.9215,0.98302,0.467343,0.941322,0.874141,0.230246,0.94499,0.838281,0.572224,0.918615,0.95705,0.30729,0.963554,0.971869
15,0.379571,0.348699,0.999761,0.394275,0.42621,0.999972,0.251369,0.417177,0.999975,0.515913,0.425611,0.786872,0.143755,0.440056,0.998034,0.572953,0.353297,0.896527,0.239318,0.397768,0.994824,0.595659,0.334258,0.904121,0.265853,0.383428,0.989898,0.355875,0.626482,0.99997,0.274544,0.62823,0.99996,0.422712,0.77312,0.741117,0.259985,0.781729,0.976679,0.478356,0.907445,0.931742,0.247692,0.92146,0.982441,0.466609,0.940817,0.874817,0.230248,0.944876,0.836208,0.570698,0.916458,0.957945,0.307323,0.963069,0.970677
16,0.378132,0.34912,0.999783,0.388504,0.422823,0.999974,0.244903,0.416352,0.999975,0.513633,0.41858,0.806602,0.130948,0.440956,0.998057,0.57298,0.348449,0.906736,0.22301,0.3981,0.995009,0.595696,0.330333,0.913463,0.248703,0.381091,0.990261,0.355401,0.625659,0.999967,0.273111,0.627841,0.999954,0.421316,0.773197,0.749692,0.258062,0.781817,0.976396,0.477148,0.906563,0.933778,0.247254,0.92123,0.981875,0.466163,0.940011,0.87628,0.230137,0.944427,0.833257,0.569748,0.915861,0.958851,0.305462,0.963028,0.969228
17,0.37303,0.348202,0.999803,0.385675,0.421324,0.999976,0.239816,0.414125,0.999975,0.510944,0.413801,0.824911,0.116404,0.446608,0.998071,0.570486,0.347121,0.915971,0.204366,0.399549,0.99507,0.592771,0.32854,0.921948,0.229605,0.385117,0.990442,0.353555,0.624943,0.999965,0.271494,0.62747,0.999949,0.420245,0.773209,0.76416,0.257711,0.781787,0.977322,0.474788,0.906013,0.937695,0.247164,0.921257,0.98242,0.465663,0.939572,0.881498,0.230345,0.944371,0.837206,0.568374,0.916062,0.960955,0.304456,0.963148,0.969761
18,0.371215,0.348066,0.999822,0.381761,0.418692,0.999978,0.235806,0.413966,0.999975,0.505551,0.409596,0.841539,0.108783,0.45402,0.998091,0.57148,0.33928,0.924307,0.189837,0.400451,0.995249,0.590861,0.318535,0.929628,0.215235,0.387981,0.990839,0.351573,0.624701,0.999964,0.270682,0.627312,0.999945,0.419615,0.773278,0.776853,0.257521,0.781519,0.978171,0.473222,0.905747,0.940911,0.247188,0.921401,0.982944,0.465227,0.939108,0.886044,0.230433,0.944654,0.840666,0.567106,0.916131,0.96275,0.30442,0.963445,0.97039
19,0.363307,0.348317,0.999838,0.381171,0.416813,0.999979,0.233043,0.418606,0.999974,0.503443,0.401868,0.856415,0.100273,0.466479,0.998001,0.570308,0.328956,0.931822,0.17071,0.400977,0.995549,0.587953,0.306912,0.936576,0.189735,0.387795,0.991475,0.351831,0.624724,0.999959,0.270746,0.627636,0.999935,0.419599,0.77344,0.785792,0.256569,0.781534,0.977157,0.472311,0.905775,0.942995,0.247207,0.921431,0.982514,0.465093,0.938965,0.88843,0.230836,0.944595,0.837006,0.566959,0.916018,0.963866,0.304459,0.963457,0.969435
20,0.36442,0.347279,0.999852,0.379806,0.415436,0.999981,0.232481,0.419742,0.999974,0.499552,0.401879,0.869912,0.099257,0.469899,0.99802,0.56894,0.331853,0.938582,0.169652,0.401393,0.995826,0.587222,0.310154,0.94282,0.187251,0.387649,0.992046,0.351238,0.624762,0.999958,0.270193,0.627781,0.999932,0.419117,0.773477,0.797722,0.255982,0.781529,0.977745,0.471775,0.905808,0.946092,0.247271,0.921507,0.982991,0.465028,0.938942,0.893073,0.231589,0.944939,0.839992,0.56679,0.916076,0.965658,0.302673,0.963451,0.97
21,0.361553,0.345911,0.999864,0.381214,0.414718,0.999982,0.233251,0.421704,0.999972,0.500686,0.396171,0.881716,0.099134,0.47491,0.997854,0.56828,0.326294,0.944626,0.158932,0.40198,0.996017,0.587278,0.30627,0.948387,0.173715,0.387809,0.992481,0.35176,0.624822,0.999954,0.270573,0.627873,0.999923,0.419911,0.773481,0.802698,0.255927,0.781526,0.976283,0.472006,0.905889,0.947539,0.247305,0.921465,0.982103,0.465212,0.938947,0.893574,0.232311,0.944911,0.832943,0.56692,0.916314,0.96616,0.298934,0.963425,0.96805
22,0.36127,0.345603,0.999874,0.380678,0.414505,0.999982,0.232761,0.422985,0.999969,0.501363,0.394759,0.892433,0.099048,0.476432,0.997661,0.568362,0.324819,0.950063,0.159401,0.402999,0.996029,0.587707,0.305568,0.953386,0.174317,0.38718,0.992618,0.351828,0.624815,0.999947,0.270627,0.627868,0.999908,0.420253,0.773443,0.806134,0.255897,0.781498,0.974131,0.472265,0.906177,0.948061,0.247327,0.921445,0.98061,0.465393,0.939144,0.892934,0.232957,0.944872,0.823355,0.56702,0.916489,0.966067,0.297198,0.963348,0.965178
23,0.36073,0.345112,0.99988,0.381907,0.413918,0.999982,0.231791,0.424518,0.999963,0.501512,0.392094,0.901631,0.097886,0.479472,0.997312,0.568767,0.320205,0.954868,0.153053,0.403386,0.995972,0.58827,0.300486,0.957771,0.165369,0.387394,0.992679,0.352716,0.624763,0.999938,0.271451,0.627958,0.999893,0.420891,0.773212,0.805372,0.256279,0.781304,0.970668,0.472474,0.9062,0.948033,0.247592,0.921311,0.978519,0.465569,0.939057,0.890758,0.234009,0.944735,0.809588,0.567098,0.916585,0.96548,0.296076,0.963057,0.961224
24,0.361141,0.345262,0.999887,0.381871,0.41318,0.999981,0.232443,0.42632,0.999959,0.501818,0.391498,0.909832,0.097437,0.481687,0.997157,0.569626,0.320237,0.959211,0.152564,0.404653,0.996062,0.588608,0.299515,0.961749,0.163973,0.387569,0.992944,0.353143,0.624777,0.999932,0.27188,0.628315,0.999882,0.422695,0.77315,0.809337,0.256695,0.781185,0.969539,0.472559,0.906219,0.949372,0.247869,0.921283,0.977947,0.465764,0.938995,0.89237,0.234792,0.944661,0.805019,0.567578,0.917068,0.96607,0.296219,0.962956,0.959921
25,0.360544,0.345376,0.999894,0.381327,0.412691,0.999982,0.232512,0.426848,0.999957,0.502193,0.391801,0.91744,0.09735,0.482363,0.997021,0.570309,0.320789,0.96316,0.152137,0.405307,0.996187,0.588895,0.300073,0.965384,0.162656,0.387633,0.993246,0.353666,0.624794,0.999929,0.272092,0.628637,0.999876,0.423822,0.773113,0.812618,0.256849,0.78118,0.96817,0.472596,0.906224,0.950472,0.248141,0.921277,0.977291,0.465966,0.938778,0.893512,0.23528,0.944641,0.799866,0.567915,0.917364,0.96655,0.296423,0.962871,0.958569
26,0.360993,0.345441,0.999898,0.381961,0.412778,0.999982,0.233624,0.426992,0.999952,0.503955,0.390597,0.924015,0.100498,0.481784,0.996729,0.571866,0.322172,0.966679,0.155731,0.405585,0.995981,0.589705,0.301103,0.968602,0.168277,0.387339,0.993045,0.357685,0.625096,0.999927,0.273784,0.629411,0.999871,0.426939,0.773077,0.811275,0.257034,0.781064,0.96559,0.472828,0.906145,0.950542,0.248404,0.921275,0.97638,0.466011,0.938328,0.892693,0.235466,0.94466,0.793771,0.568211,0.918096,0.966348,0.296804,0.962872,0.957081
27,0.36183,0.345505,0.999899,0.385817,0.413099,0.999981,0.234643,0.426925,0.999947,0.509483,0.39153,0.92938,0.103882,0.481695,0.996302,0.576364,0.322314,0.969741,0.159112,0.405781,0.995729,0.592716,0.300907,0.971367,0.172272,0.387277,0.992793,0.363236,0.625614,0.999924,0.277162,0.629689,0.999865,0.432082,0.773073,0.803036,0.258095,0.780881,0.960923,0.47315,0.906144,0.949319,0.248702,0.921261,0.974469,0.466042,0.938204,0.889969,0.23552,0.944644,0.782935,0.568796,0.918727,0.965176,0.298382,0.962924,0.953912
28,0.362488,0.345552,0.999898,0.388024,0.413322,0.999981,0.235323,0.426879,0.999941,0.511623,0.391984,0.934166,0.10539,0.481692,0.995964,0.578093,0.322511,0.97248,0.160127,0.405976,0.995501,0.593944,0.300667,0.973832,0.173193,0.387318,0.992562,0.365495,0.625932,0.999919,0.278807,0.629938,0.999858,0.434695,0.773077,0.797423,0.259303,0.780676,0.957578,0.473524,0.906195,0.948631,0.248718,0.921252,0.973203,0.466066,0.938214,0.88829,0.235437,0.944663,0.775101,0.569322,0.919135,0.964383,0.299541,0.963032,0.951777
29,0.363055,0.345388,0.9999,0.393264,0.413407,0.99998,0.236585,0.427531,0.999938,0.512507,0.393325,0.938087,0.107097,0.481735,0.995664,0.581938,0.323877,0.97491,0.163584,0.406262,0.99535,0.596686,0.302039,0.976008,0.177639,0.385691,0.99242,0.369248,0.626645,0.999915,0.281735,0.630172,0.999853,0.438645,0.773274,0.787359,0.260522,0.78083,0.953253,0.474193,0.906502,0.946131,0.248816,0.921474,0.971401,0.466085,0.938377,0.884274,0.235417,0.945133,0.765706,0.57001,0.919501,0.962515,0.300554,0.963057,0.94898
30,0.363501,0.34528,0.999903,0.394609,0.413486,0.99998,0.237695,0.427861,0.999936,0.512656,0.394142,0.941674,0.10816,0.481626,0.995476,0.583347,0.324672,0.977113,0.165221,0.406427,0.995291,0.598337,0.302751,0.977987,0.179533,0.384756,0.992393,0.370522,0.627213,0.999914,0.283539,0.63046,0.999852,0.440693,0.773429,0.782663,0.261448,0.78089,0.951096,0.474784,0.906724,0.945376,0.249056,0.921631,0.970854,0.466097,0.938393,0.883273,0.23546,0.945412,0.762878,0.57054,0.91975,0.961851,0.301221,0.963177,0.948125
31,0.367588,0.34536,0.999908,0.39723,0.41357,0.99998,0.241975,0.427787,0.999935,0.518922,0.394325,0.94426,0.111431,0.481284,0.99506,0.586963,0.325177,0.979029,0.166648,0.406376,0.994947,0.604119,0.303404,0.97967,0.180819,0.384264,0.991951,0.373574,0.62737,0.999913,0.287159,0.630486,0.999852,0.445627,0.773433,0.774712,0.26292,0.780962,0.94722,0.475583,0.907078,0.942571,0.249241,0.921695,0.96945,0.466167,0.938487,0.879936,0.235471,0.945448,0.757508,0.570989,0.920663,0.959983,0.300986,0.963158,0.946182
32,0.375029,0.345546,0.999914,0.4014,0.414466,0.99998,0.246922,0.42805,0.999937,0.525226,0.397634,0.947026,0.116796,0.479238,0.994936,0.593125,0.327455,0.980858,0.17005,0.404106,0.995038,0.614081,0.305987,0.981343,0.182493,0.381657,0.992147,0.377494,0.627378,0.999913,0.291989,0.630494,0.999852,0.454331,0.773315,0.764335,0.26482,0.781207,0.941353,0.477191,0.907563,0.938413,0.24933,0.92174,0.966824,0.466485,0.938674,0.875334,0.235247,0.945443,0.748504,0.571439,0.922938,0.957555,0.301251,0.963145,0.942831
33,0.378358,0.345591,0.99992,0.403439,0.414772,0.999981,0.249586,0.428005,0.999938,0.527875,0.399666,0.949351,0.120467,0.477856,0.99487,0.595324,0.329282,0.982454,0.172367,0.403336,0.995115,0.616383,0.307975,0.982788,0.184141,0.380701,0.992297,0.379483,0.627424,0.999913,0.29379,0.6305,0.999853,0.457118,0.773305,0.76379,0.266711,0.781315,0.9394,0.477778,0.907586,0.9387,0.250061,0.921381,0.96631,0.466589,0.938691,0.876502,0.235897,0.944101,0.747976,0.571649,0.92461,0.957734,0.299609,0.962964,0.942198
34,0.386475,0.345843,0.999926,0.407584,0.417034,0.999981,0.25527,0.428452,0.999941,0.531284,0.405719,0.952059,0.125557,0.475701,0.994968,0.605744,0.333548,0.984047,0.178622,0.40122,0.995406,0.625588,0.312001,0.9843,0.188067,0.378798,0.992776,0.383998,0.627461,0.999915,0.300768,0.630502,0.999857,0.46361,0.773111,0.761528,0.270471,0.781316,0.937551,0.479055,0.907807,0.938513,0.25084,0.921409,0.966203,0.466891,0.938919,0.878385,0.235877,0.944055,0.750349,0.571831,0.92908,0.958209,0.299633,0.962905,0.942706
35,0.392387,0.34642,0.999932,0.409751,0.420224,0.999982,0.259006,0.428779,0.999944,0.534393,0.415845,0.953768,0.131438,0.473888,0.994994,0.608683,0.342433,0.985399,0.183905,0.398724,0.995596,0.630108,0.321328,0.985555,0.192356,0.376906,0.993096,0.388995,0.627895,0.999918,0.306149,0.630948,0.999863,0.469628,0.773081,0.757813,0.273901,0.781558,0.936155,0.480932,0.907912,0.937783,0.251046,0.921453,0.966403,0.467664,0.938935,0.879598,0.234826,0.944072,0.753407,0.572493,0.932775,0.958338,0.3001,0.962942,0.943524
36,0.401326,0.347052,0.999938,0.421041,0.423304,0.999983,0.265137,0.429869,0.999947,0.542105,0.429407,0.956025,0.136761,0.470141,0.995232,0.616746,0.363407,0.98672,0.19292,0.390889,0.995891,0.639617,0.342255,0.986817,0.202824,0.367799,0.993563,0.398905,0.629003,0.999921,0.317697,0.632043,0.999868,0.478632,0.773117,0.754764,0.279881,0.78185,0.937289,0.484088,0.908204,0.937584,0.251287,0.921702,0.967555,0.467987,0.939199,0.882663,0.232676,0.94435,0.76215,0.574383,0.937339,0.95904,0.302349,0.962999,0.945824
37,0.404763,0.347401,0.999943,0.426535,0.424234,0.999985,0.268124,0.430407,0.999951,0.54548,0.432143,0.957654,0.139783,0.468111,0.995453,0.619651,0.365292,0.987872,0.195637,0.389329,0.996164,0.643837,0.345683,0.987913,0.206233,0.366965,0.994005,0.403136,0.629704,0.999924,0.321937,0.63268,0.999874,0.481643,0.773108,0.756028,0.283345,0.782592,0.939977,0.486395,0.907742,0.938715,0.251523,0.922095,0.969355,0.467944,0.939171,0.887208,0.232159,0.944747,0.774073,0.57438,0.937475,0.960447,0.303644,0.96297,0.948987
38,0.413609,0.347389,0.999948,0.434159,0.426328,0.999986,0.276277,0.430606,0.999954,0.548981,0.444722,0.959242,0.148733,0.459255,0.995764,0.626336,0.386601,0.988963,0.206933,0.378538,0.996472,0.651549,0.368824,0.988966,0.21667,0.354517,0.994485,0.414358,0.630017,0.999927,0.334385,0.633049,0.99988,0.49132,0.772349,0.755441,0.294453,0.783332,0.943383,0.490747,0.907721,0.940314,0.251627,0.922338,0.971228,0.468554,0.939165,0.892567,0.23187,0.944929,0.787216,0.575598,0.939933,0.962148,0.304963,0.963058,0.952331
39,0.419743,0.347429,0.999953,0.439289,0.4296,0.999987,0.281359,0.430657,0.999957,0.551412,0.456952,0.959571,0.156298,0.45335,0.996076,0.63061,0.397925,0.98989,0.214488,0.369482,0.996766,0.657189,0.382368,0.98985,0.223839,0.345284,0.994937,0.423646,0.63023,0.99993,0.343154,0.633177,0.999886,0.498096,0.772119,0.757258,0.305128,0.784338,0.946791,0.492276,0.907796,0.943111,0.252268,0.92152,0.973186,0.469051,0.939081,0.898951,0.231888,0.943666,0.80051,0.577418,0.941855,0.964373,0.304503,0.963072,0.95578
40,0.426025,0.34741,0.999957,0.444588,0.43353,0.999987,0.288879,0.430695,0.99996,0.558163,0.465537,0.959244,0.163518,0.444712,0.996373,0.635234,0.410116,0.990718,0.223447,0.36261,0.997042,0.661817,0.392603,0.990641,0.230905,0.337961,0.995358,0.433715,0.630487,0.999934,0.353453,0.633193,0.999893,0.50407,0.772003,0.760569,0.315641,0.784672,0.950405,0.492894,0.907836,0.946476,0.252357,0.91998,0.975246,0.470833,0.938692,0.905705,0.231815,0.941648,0.814057,0.577484,0.942519,0.966752,0.304461,0.96309,0.959314
41,0.432665,0.347367,0.999961,0.449311,0.435006,0.999988,0.299389,0.430706,0.999962,0.557601,0.475103,0.958634,0.17088,0.43519,0.99668,0.63383,0.427537,0.991373,0.235221,0.353377,0.997298,0.661973,0.410984,0.991222,0.240635,0.331726,0.995743,0.441119,0.630479,0.999938,0.361599,0.632791,0.999901,0.50777,0.771993,0.773139,0.327776,0.784405,0.954654,0.49269,0.9082,0.950823,0.25253,0.917062,0.977418,0.4709,0.938854,0.913484,0.231827,0.937526,0.828746,0.57836,0.943427,0.969532,0.304429,0.962919,0.962955
42,0.439342,0.347314,0.999964,0.453336,0.43566,0.999989,0.309005,0.430219,0.999965,0.554916,0.485673,0.957808,0.184515,0.427359,0.996966,0.63352,0.440244,0.991931,0.243738,0.346779,0.997531,0.662646,0.42346,0.991679,0.250229,0.327127,0.99609,0.448827,0.629585,0.999943,0.372004,0.630613,0.999909,0.51091,0.771867,0.788048,0.340186,0.783615,0.958763,0.493006,0.908223,0.95506,0.255032,0.912658,0.979492,0.47086,0.938852,0.92104,0.23237,0.931677,0.843361,0.580063,0.944388,0.97221,0.304774,0.962955,0.966412
43,0.452113,0.348306,0.999967,0.459532,0.437367,0.999989,0.326182,0.426266,0.999967,0.554617,0.500424,0.956497,0.214062,0.405331,0.997224,0.63632,0.461879,0.992222,0.263667,0.332249,0.99758,0.66805,0.447445,0.991571,0.271091,0.318179,0.995983,0.462401,0.626663,0.999948,0.391198,0.627562,0.999918,0.510901,0.771716,0.805604,0.368068,0.782142,0.962758,0.494703,0.908409,0.959133,0.263045,0.90918,0.981458,0.470839,0.938932,0.928126,0.234463,0.926654,0.857509,0.579978,0.945584,0.974741,0.308717,0.963173,0.969663
44,0.455265,0.349777,0.99997,0.459564,0.440222,0.99999,0.339713,0.425453,0.999968,0.547698,0.507592,0.954085,0.242592,0.3939,0.997459,0.638217,0.470997,0.99237,0.279568,0.329135,0.997657,0.670179,0.461017,0.991344,0.282495,0.314916,0.995987,0.469922,0.62513,0.999953,0.403393,0.62569,0.999925,0.513282,0.771679,0.821128,0.383574,0.781728,0.966363,0.495483,0.908754,0.96278,0.270207,0.905976,0.983236,0.471659,0.938949,0.934547,0.237217,0.921881,0.870389,0.58158,0.945414,0.977037,0.312582,0.963438,0.97261
45,0.466236,0.353339,0.999971,0.456571,0.443174,0.99999,0.363618,0.424995,0.999968,0.518957,0.523926,0.928483,0.321444,0.397694,0.9974,0.633197,0.490556,0.989203,0.294862,0.340152,0.997359,0.668436,0.483204,0.986237,0.293314,0.322225,0.995495,0.480745,0.620915,0.999957,0.426432,0.620013,0.999932,0.51393,0.77103,0.821715,0.406979,0.780955,0.969185,0.495539,0.908861,0.964545,0.281973,0.899451,0.984638,0.472088,0.938742,0.938811,0.24525,0.912389,0.87998,0.581524,0.945028,0.978423,0.318153,0.965036,0.975081
46,0.462367,0.354827,0.999971,0.457155,0.444966,0.99999,0.368125,0.424701,0.999966,0.514772,0.525532,0.909986,0.334392,0.402164,0.997348,0.630454,0.492781,0.987292,0.301394,0.341648,0.997214,0.668188,0.482343,0.983393,0.297907,0.326484,0.995275,0.481799,0.620588,0.99996,0.427151,0.618496,0.999938,0.512968,0.770645,0.824341,0.411294,0.78083,0.971818,0.495352,0.908908,0.966755,0.28534,0.897331,0.985934,0.47088,0.938698,0.943081,0.249261,0.909621,0.888898,0.581193,0.944867,0.979898,0.317456,0.966707,0.977333
47,0.468392,0.357676,0.999972,0.455696,0.447587,0.99999,0.387801,0.425605,0.999965,0.506904,0.534927,0.891566,0.369891,0.40771,0.997411,0.621498,0.506029,0.98581,0.34374,0.343802,0.997183,0.661095,0.497042,0.981449,0.326613,0.329494,0.995229,0.48432,0.619971,0.999964,0.438166,0.616364,0.999943,0.511141,0.77031,0.8319,0.435636,0.779478,0.974495,0.495618,0.909219,0.969543,0.299702,0.892974,0.987269,0.470174,0.939461,0.948019,0.259496,0.898912,0.899053,0.581124,0.94506,0.981624,0.318175,0.966711,0.97953
48,0.471027,0.356968,0.999974,0.455517,0.448746,0.999991,0.398848,0.425492,0.999966,0.507158,0.538458,0.874878,0.392735,0.3809,0.997374,0.61245,0.510953,0.983429,0.358974,0.332953,0.996482,0.645627,0.502797,0.978458,0.330102,0.331091,0.99411,0.482933,0.619953,0.999967,0.446762,0.615972,0.999949,0.510984,0.768237,0.831922,0.451707,0.777944,0.976743,0.496732,0.909449,0.971214,0.308422,0.890908,0.98841,0.470173,0.939734,0.951757,0.266055,0.894296,0.907936,0.581831,0.945057,0.982851,0.321152,0.966672,0.981462
49,0.478654,0.35667,0.999977,0.456037,0.449582,0.999991,0.41634,0.424084,0.999967,0.509055,0.540867,0.854637,0.417181,0.356709,0.997336,0.603158,0.514261,0.980784,0.362369,0.321331,0.996224,0.630214,0.507411,0.975116,0.331382,0.327322,0.99372,0.485307,0.62018,0.99997,0.454781,0.615654,0.999953,0.510435,0.768195,0.820609,0.461991,0.776144,0.978489,0.497281,0.909864,0.970861,0.31515,0.889515,0.989307,0.470211,0.939909,0.953767,0.270923,0.892371,0.915169,0.583142,0.945267,0.983288,0.323385,0.966512,0.983108
50,0.480153,0.356688,0.999979,0.455809,0.449057,0.999991,0.427935,0.42203,0.999968,0.507096,0.54033,0.830578,0.440625,0.32293,0.997119,0.596781,0.515606,0.977271,0.353408,0.308296,0.995069,0.621771,0.509189,0.971281,0.32549,0.318731,0.991986,0.486323,0.619797,0.999973,0.460377,0.615197,0.999958,0.510014,0.768209,0.811574,0.472499,0.773862,0.980333,0.497439,0.910404,0.970946,0.319593,0.889342,0.990212,0.470227,0.940186,0.95562,0.273983,0.890886,0.922334,0.583529,0.945344,0.98382,0.32448,0.966856,0.984657
51,0.487398,0.356498,0.999978,0.45356,0.442688,0.99999,0.448482,0.41343,0.999963,0.488529,0.533766,0.774968,0.508029,0.309019,0.997194,0.55652,0.524827,0.94789,0.414949,0.26928,0.994715,0.580349,0.522783,0.940658,0.383885,0.264529,0.991232,0.484706,0.618373,0.999975,0.471973,0.615169,0.999962,0.508443,0.769685,0.814224,0.4831,0.774092,0.982198,0.497351,0.911702,0.971471,0.330838,0.888398,0.991079,0.470109,0.94063,0.957297,0.284566,0.885809,0.929362,0.583589,0.945295,0.984115,0.325183,0.966856,0.986051
52,0.492131,0.356371,0.999978,0.453334,0.442235,0.999987,0.446701,0.411823,0.999959,0.487492,0.533539,0.723881,0.511174,0.308405,0.997223,0.561775,0.528293,0.91303,0.416739,0.26275,0.994326,0.58851,0.52367,0.903522,0.389089,0.260509,0.990324,0.484539,0.617646,0.999978,0.472313,0.61514,0.999965,0.508328,0.770124,0.81872,0.482604,0.774014,0.983842,0.497336,0.912207,0.971991,0.330731,0.888632,0.991817,0.470093,0.941314,0.958553,0.286561,0.88459,0.935281,0.584413,0.945247,0.984303,0.325559,0.96705,0.987251
53,0.492738,0.354749,0.999979,0.450015,0.439113,0.999985,0.45492,0.406969,0.999957,0.474876,0.532047,0.672646,0.52664,0.309197,0.997349,0.54043,0.530819,0.88019,0.437892,0.248855,0.994598,0.562399,0.525302,0.870187,0.409572,0.244055,0.990745,0.484308,0.617134,0.999979,0.47946,0.615186,0.999968,0.504587,0.770379,0.820667,0.48686,0.774031,0.985393,0.49727,0.91219,0.972299,0.335353,0.888683,0.992568,0.470151,0.941325,0.96019,0.292986,0.883414,0.941298,0.584707,0.945102,0.984522,0.325341,0.967038,0.988437
54,0.496952,0.354759,0.999949,0.4469,0.436588,0.999965,0.463859,0.405291,0.999943,0.45475,0.527035,0.607259,0.543942,0.311331,0.997148,0.502103,0.568583,0.795079,0.474758,0.231991,0.994534,0.498562,0.579606,0.787363,0.453698,0.219942,0.990742,0.485784,0.616349,0.99998,0.484704,0.615163,0.999971,0.502756,0.770862,0.808005,0.489669,0.774112,0.986536,0.497279,0.912139,0.970432,0.340879,0.889345,0.99304,0.470979,0.941229,0.959312,0.303128,0.884489,0.945739,0.584619,0.945436,0.983225,0.325388,0.967409,0.989242
55,0.504233,0.358175,0.999947,0.444368,0.435563,0.999966,0.475228,0.401889,0.999936,0.453171,0.525251,0.566481,0.565303,0.308257,0.996812,0.522909,0.551022,0.778174,0.571962,0.215984,0.993922,0.539288,0.552935,0.7735,0.558329,0.195456,0.990146,0.486554,0.616318,0.999981,0.489584,0.61531,0.999973,0.502292,0.770923,0.809182,0.496812,0.774166,0.987702,0.497201,0.911452,0.971115,0.353247,0.888632,0.993574,0.471427,0.940821,0.961032,0.315736,0.884275,0.950373,0.584671,0.945521,0.983757,0.329921,0.965208,0.990141
56,0.508716,0.359886,0.999944,0.439546,0.435476,0.999966,0.480692,0.396873,0.999932,0.427148,0.530981,0.529857,0.586432,0.3161,0.996895,0.509994,0.55595,0.758433,0.640636,0.228837,0.993832,0.527296,0.561051,0.757501,0.656181,0.209425,0.990127,0.485703,0.616115,0.999981,0.499822,0.61496,0.999974,0.501179,0.771326,0.798061,0.506331,0.773905,0.988681,0.497169,0.91171,0.970299,0.366169,0.886313,0.994036,0.471893,0.940992,0.962564,0.33101,0.881712,0.954683,0.584933,0.945812,0.983563,0.339497,0.953865,0.990915
57,0.511277,0.360301,0.999941,0.439061,0.43541,0.999964,0.479657,0.397952,0.999925,0.431403,0.532673,0.495652,0.58807,0.317851,0.996889,0.510441,0.557217,0.738049,0.644588,0.230139,0.993528,0.525712,0.56315,0.740614,0.660785,0.210581,0.989772,0.485741,0.616151,0.99998,0.500243,0.61503,0.999975,0.50119,0.77163,0.784448,0.507384,0.773975,0.989376,0.496925,0.911672,0.968877,0.36764,0.8862,0.994347,0.47226,0.940914,0.963198,0.333771,0.881666,0.958192,0.584933,0.946004,0.983058,0.33993,0.952784,0.991504
58,0.512294,0.360539,0.999927,0.439143,0.431898,0.999959,0.478595,0.398174,0.999912,0.435476,0.531358,0.461721,0.594831,0.322338,0.996814,0.510014,0.556096,0.706642,0.668606,0.241783,0.99243,0.527854,0.564475,0.714121,0.699537,0.225588,0.98828,0.486256,0.617697,0.99998,0.500431,0.61633,0.999976,0.5009,0.772387,0.769368,0.507416,0.774592,0.989952,0.496841,0.911622,0.967898,0.372308,0.886087,0.994646,0.472722,0.940748,0.96384,0.338185,0.881773,0.961428,0.58491,0.946139,0.982666,0.343275,0.949809,0.992044
59,0.517024,0.361106,0.999881,0.449826,0.429636,0.99994,0.471665,0.399355,0.999907,0.431891,0.530165,0.42364,0.59605,0.354277,0.996913,0.499653,0.56238,0.650256,0.707986,0.316172,0.99218,0.506377,0.574833,0.663061,0.740624,0.316456,0.987918,0.489925,0.617267,0.999979,0.498505,0.616231,0.999977,0.500596,0.772497,0.748103,0.507906,0.774645,0.990095,0.496443,0.910871,0.966364,0.379355,0.88628,0.994796,0.472733,0.94015,0.964148,0.342687,0.882338,0.9639,0.584804,0.946108,0.981828,0.347562,0.950654,0.992379
60,0.521756,0.362601,0.999876,0.484379,0.422701,0.999944,0.469953,0.407348,0.999906,0.617672,0.390186,0.460421,0.45991,0.472481,0.994505,0.72876,0.376018,0.680663,0.490782,0.539248,0.977383,0.752938,0.384434,0.690099,0.494153,0.546583,0.967569,0.499286,0.617293,0.999979,0.496677,0.616683,0.999975,0.50054,0.772809,0.715782,0.506641,0.775119,0.984996,0.496414,0.910065,0.953947,0.37678,0.887252,0.991201,0.472894,0.939977,0.952276,0.341134,0.882596,0.951345,0.585605,0.945897,0.974724,0.347301,0.951506,0.988979
61,0.521457,0.363573,0.999871,0.46892,0.424018,0.999937,0.46771,0.402954,0.999913,0.441229,0.504151,0.423701,0.600967,0.417373,0.995004,0.506509,0.539062,0.618137,0.739322,0.432652,0.979499,0.490544,0.542932,0.63131,0.756866,0.43988,0.970607,0.497107,0.617056,0.99998,0.500356,0.616592,0.999977,0.49996,0.772791,0.724285,0.507994,0.77515,0.986353,0.496388,0.9091,0.957533,0.37854,0.886973,0.992032,0.472906,0.9393,0.95641,0.344393,0.882831,0.956036,0.584633,0.945288,0.976739,0.349213,0.952043,0.990015
62,0.523291,0.365791,0.99983,0.46128,0.42516,0.999923,0.472307,0.403065,0.999917,0.417885,0.529194,0.383369,0.595604,0.474853,0.994606,0.486677,0.558736,0.558596,0.737141,0.523345,0.975454,0.482202,0.563668,0.572936,0.702211,0.527315,0.964403,0.496786,0.617245,0.999981,0.50074,0.616688,0.999979,0.499174,0.77293,0.719458,0.50603,0.775612,0.987443,0.496262,0.908884,0.959019,0.376297,0.887095,0.992609,0.473132,0.938949,0.957884,0.343452,0.882917,0.959216,0.583417,0.945135,0.976783,0.347922,0.952381,0.990638
63,0.521645,0.364871,0.999831,0.447193,0.425565,0.999922,0.504443,0.405158,0.999924,0.422544,0.52561,0.35797,0.612482,0.485008,0.99507,0.472646,0.552503,0.523104,0.710495,0.543237,0.97762,0.476146,0.562827,0.543808,0.723364,0.566411,0.967354,0.490818,0.619026,0.999982,0.502011,0.618591,0.99998,0.497855,0.773179,0.729529,0.504343,0.776493,0.988437,0.49629,0.908978,0.961084,0.373588,0.888862,0.993106,0.473549,0.938954,0.960587,0.341218,0.884068,0.962451,0.582884,0.945089,0.977218,0.347075,0.952709,0.991134
64,0.520319,0.365028,0.999844,0.43775,0.429523,0.999924,0.539537,0.415236,0.999931,0.40886,0.532905,0.333057,0.606374,0.511833,0.995483,0.473435,0.550092,0.484574,0.670493,0.588471,0.979587,0.484778,0.556866,0.507805,0.676775,0.610231,0.969876,0.47961,0.619216,0.999983,0.504404,0.618693,0.999982,0.49654,0.773435,0.743226,0.504102,0.776917,0.989238,0.49627,0.909847,0.961954,0.372796,0.889796,0.993212,0.473434,0.939433,0.961918,0.34059,0.8856,0.96415,0.583073,0.945119,0.975286,0.347549,0.952938,0.990756
65,0.519854,0.362274,0.999856,0.436836,0.42965,0.999926,0.540675,0.417048,0.999938,0.405359,0.531586,0.308976,0.603532,0.512234,0.995847,0.47407,0.549862,0.447847,0.662331,0.589525,0.981385,0.486317,0.556374,0.472879,0.668664,0.612513,0.972214,0.47527,0.618037,0.999984,0.508525,0.616989,0.999984,0.496532,0.77328,0.755945,0.504515,0.776804,0.989854,0.49583,0.91039,0.962419,0.374915,0.891058,0.993082,0.471071,0.940356,0.96299,0.341238,0.886945,0.965064,0.581704,0.945102,0.972582,0.347152,0.950571,0.98982
66,0.522458,0.359257,0.999865,0.436185,0.429701,0.999928,0.545907,0.417338,0.999944,0.399409,0.534807,0.292766,0.597631,0.51542,0.996197,0.470687,0.55241,0.423131,0.649056,0.598347,0.983097,0.485274,0.561479,0.451309,0.655577,0.623947,0.974563,0.467212,0.618847,0.999985,0.510509,0.616971,0.999985,0.496326,0.773279,0.770897,0.504371,0.776725,0.990681,0.495777,0.910405,0.964098,0.374661,0.891112,0.993435,0.470533,0.940346,0.964688,0.340332,0.8872,0.967112,0.580114,0.945145,0.972069,0.346344,0.950725,0.989977
67,0.533643,0.359377,0.999875,0.433179,0.429265,0.99993,0.551031,0.417948,0.999949,0.394584,0.53225,0.270959,0.590156,0.524562,0.996216,0.468083,0.551427,0.388439,0.602673,0.608442,0.982462,0.480316,0.563599,0.418053,0.59735,0.632549,0.971907,0.463187,0.618567,0.999986,0.516942,0.616552,0.999986,0.486221,0.769335,0.782844,0.503475,0.776414,0.991479,0.495766,0.9101,0.965104,0.374293,0.891264,0.993812,0.471282,0.940074,0.965503,0.339678,0.888045,0.968721,0.580267,0.944988,0.97106,0.344633,0.952055,0.990254
68,0.535792,0.359423,0.999881,0.434024,0.427716,0.999929,0.549836,0.41771,0.999953,0.400046,0.532156,0.249497,0.585837,0.522663,0.996293,0.469573,0.550796,0.353843,0.594645,0.608021,0.982771,0.475955,0.562031,0.383308,0.588828,0.632589,0.971272,0.462331,0.618445,0.999987,0.519038,0.616447,0.999987,0.482089,0.767007,0.793507,0.502863,0.776117,0.992175,0.495529,0.909937,0.965916,0.375137,0.891261,0.994081,0.471748,0.940049,0.966449,0.340169,0.888489,0.970013,0.580455,0.944936,0.96948,0.344604,0.952189,0.990176
69,0.537439,0.359339,0.999888,0.434666,0.42651,0.999928,0.547074,0.417294,0.999957,0.405416,0.524403,0.22705,0.579562,0.517857,0.996066,0.471414,0.550409,0.320359,0.589417,0.602308,0.980902,0.47395,0.561883,0.348561,0.58309,0.628845,0.966964,0.461058,0.617826,0.999987,0.517315,0.616454,0.999988,0.477429,0.765759,0.799946,0.50263,0.775097,0.992808,0.494811,0.909338,0.966741,0.375292,0.891288,0.99443,0.472079,0.939139,0.96718,0.339983,0.889163,0.971464,0.580664,0.944865,0.969222,0.345211,0.952292,0.990544
70,0.54087,0.359633,0.999895,0.435113,0.426689,0.999928,0.541105,0.416965,0.99996,0.400373,0.521485,0.207092,0.564016,0.509334,0.995368,0.466583,0.549464,0.29138,0.574825,0.593526,0.969114,0.466707,0.560369,0.319254,0.57187,0.615783,0.948418,0.461686,0.617402,0.999988,0.515837,0.616132,0.999989,0.479048,0.766122,0.802148,0.501919,0.774593,0.993398,0.494287,0.909338,0.967907,0.375164,0.89128,0.99486,0.472025,0.939088,0.968168,0.339103,0.889262,0.973372,0.581649,0.944934,0.970102,0.343654,0.954648,0.99121
71,0.543341,0.359949,0.999901,0.435509,0.42683,0.99993,0.539912,0.416907,0.999962,0.391816,0.521346,0.190663,0.560172,0.50891,0.994664,0.461704,0.548253,0.267247,0.572229,0.59495,0.957074,0.468156,0.559706,0.295658,0.56997,0.615271,0.929473,0.461531,0.617378,0.999989,0.514986,0.61613,0.99999,0.478897,0.766239,0.807411,0.500316,0.774487,0.993936,0.494075,0.909563,0.969155,0.37377,0.891279,0.995234,0.472056,0.939103,0.969321,0.338201,0.889413,0.974996,0.582147,0.945013,0.970922,0.340957,0.956105,0.991766
72,0.544553,0.359975,0.999907,0.43579,0.426908,0.99993,0.540999,0.41717,0.999964,0.392528,0.520867,0.17488,0.559137,0.511038,0.994221,0.460903,0.547893,0.24378,0.574225,0.599066,0.951302,0.464509,0.55922,0.271815,0.572183,0.621011,0.91911,0.460401,0.617386,0.99999,0.514398,0.616226,0.999991,0.477252,0.766374,0.812622,0.498489,0.774495,0.994414,0.493918,0.909909,0.970279,0.371445,0.891299,0.995553,0.472145,0.939133,0.970228,0.335153,0.889335,0.976326,0.582454,0.945017,0.971575,0.339414,0.95653,0.992218
73,0.54381,0.360098,0.999912,0.435889,0.426981,0.99993,0.541243,0.417085,0.999967,0.392994,0.519274,0.161503,0.55983,0.513313,0.993993,0.459605,0.547015,0.22284,0.577107,0.602314,0.950166,0.462258,0.558822,0.250352,0.573,0.626133,0.915693,0.459685,0.617373,0.99999,0.513952,0.616259,0.999992,0.476756,0.766588,0.814961,0.496977,0.774365,0.994786,0.493893,0.910007,0.970025,0.36887,0.890996,0.995707,0.472891,0.939126,0.970172,0.330386,0.888559,0.976888,0.582464,0.944994,0.970451,0.338711,0.956072,0.992275
74,0.543328,0.360109,0.999916,0.436031,0.426946,0.99993,0.541651,0.417045,0.999969,0.393729,0.517865,0.149653,0.560052,0.515147,0.993753,0.459346,0.546525,0.20408,0.578605,0.603327,0.948936,0.462137,0.558784,0.231139,0.573745,0.627435,0.912216,0.459322,0.617274,0.99999,0.513626,0.616255,0.999992,0.476204,0.766639,0.816597,0.495729,0.774197,0.995096,0.49388,0.910041,0.96951,0.367296,0.890638,0.995792,0.473666,0.939102,0.969885,0.328245,0.888121,0.977126,0.582445,0.944914,0.968969,0.337992,0.955308,0.992182
75,0.542543,0.357716,0.999922,0.439282,0.426003,0.999928,0.538695,0.417232,0.999971,0.411173,0.50891,0.137411,0.560805,0.517168,0.994238,0.462775,0.545992,0.186519,0.580296,0.605358,0.953501,0.465031,0.562194,0.213031,0.57469,0.630073,0.919705,0.464135,0.617287,0.999991,0.513611,0.616271,0.999993,0.478192,0.767328,0.818693,0.493576,0.774532,0.995473,0.493833,0.910443,0.970241,0.357254,0.890631,0.996071,0.473435,0.93912,0.970642,0.314188,0.888118,0.978486,0.582031,0.944954,0.969841,0.333956,0.956426,0.99267
76,0.542031,0.357124,0.999928,0.439616,0.424257,0.999927,0.532753,0.417191,0.999974,0.413024,0.505485,0.127114,0.559681,0.516846,0.994736,0.462955,0.542166,0.171362,0.594513,0.604695,0.957885,0.464763,0.558579,0.197318,0.592771,0.630356,0.92707,0.464686,0.617414,0.999991,0.510456,0.616292,0.999993,0.481053,0.767652,0.814663,0.491118,0.77538,0.99577,0.493826,0.910566,0.970233,0.348759,0.890631,0.996297,0.473437,0.939057,0.970963,0.305917,0.888057,0.979606,0.581538,0.944942,0.970305,0.332364,0.958465,0.993101
